category,product_english,product_swahili,question,answer
Food and Groceries,Rice,Mchele,What is Rice?,Rice (Mchele) is available under the Food and Groceries category.
Food and Groceries,Rice,Mchele,Do you have Rice?,"Yes, Rice (Mchele) can be searched in the Food and Groceries category."
Food and Groceries,Rice,Mchele,Nahitaji Mchele.,"Ndiyo, Mchele (Rice) ipo kwenye category ya Food and Groceries."
Food and Groceries,Rice,Mchele,Bei ya Mchele ni kiasi gani?,"Bei ya Mchele inategemea brand, size, quantity, and seller. Please specify the preferred brand or size."
Food and Groceries,Rice,Mchele,Can you recommend Rice?,Yes. Please tell me your budget and preferred brand or size so I can recommend a suitable Rice.
Food and Groceries,Rice,Mchele,Where can I find Rice?,You can find Rice under the Food and Groceries category. The agent can help compare available options.
Food and Groceries,Maize flour,Unga wa mahindi,What is Maize flour?,Maize flour (Unga wa mahindi) is available under the Food and Groceries category.
Food and Groceries,Maize flour,Unga wa mahindi,Do you have Maize flour?,"Yes, Maize flour (Unga wa mahindi) can be searched in the Food and Groceries category."
Food and Groceries,Maize flour,Unga wa mahindi,Nahitaji Unga wa mahindi.,"Ndiyo, Unga wa mahindi (Maize flour) ipo kwenye category ya Food and Groceries."
Food and Groceries,Maize flour,Unga wa mahindi,Bei ya Unga wa mahindi ni kiasi gani?,"Bei ya Unga wa mahindi inategemea brand, size, quantity, and seller. Please specify the preferred brand or size."
Food and Groceries,Maize flour,Unga wa mahindi,Can you recommend Maize flour?,Yes. Please tell me your budget and preferred brand or size so I can recommend a suitable Maize flour.
Food and Groceries,Maize flour,Unga wa mahindi,Where can I find Maize flour?,You can find Maize flour under the Food and Groceries category. The agent can help compare available options.
Food and Groceries,Wheat flour,Unga wa ngano,What is Wheat flour?,Wheat flour (Unga wa ngano) is available under the Food and Groceries category.
Food and Groceries,Wheat flour,Unga wa ngano,Do you have Wheat flour?,"Yes, Wheat flour (Unga wa ngano) can be searched in the Food and Groceries category."
Food and Groceries,Wheat flour,Unga wa ngano,Nahitaji Unga wa ngano.,"Ndiyo, Unga wa ngano (Wheat flour) ipo kwenye category ya Food and Groceries."
Food and Groceries,Wheat flour,Unga wa ngano,Bei ya Unga wa ngano ni kiasi gani?,"Bei ya Unga wa ngano inategemea brand, size, quantity, and seller. Please specify the preferred brand or size."
Food and Groceries,Wheat flour,Unga wa ngano,Can you recommend Wheat flour?,Yes. Please tell me your budget and preferred brand or size so I can recommend a suitable Wheat flour.
Food and Groceries,Wheat flour,Unga wa ngano,Where can I find Wheat flour?,You can find Wheat flour under the Food and Groceries category. The agent can help compare available options.
Food and Groceries,Cooking oil,Mafuta ya kupikia,What is Cooking oil?,Cooking oil (Mafuta ya kupikia) is available under the Food and Groceries category.
Food and Groceries,Cooking oil,Mafuta ya kupikia,Do you have Cooking oil?,"Yes, Cooking oil (Mafuta ya kupikia) can be searched in the Food and Groceries category."
Food and Groceries,Cooking oil,Mafuta ya kupikia,Nahitaji Mafuta ya kupikia.,"Ndiyo, Mafuta ya kupikia (Cooking oil) ipo kwenye category ya Food and Groceries."
Food and Groceries,Cooking oil,Mafuta ya kupikia,Bei ya Mafuta ya kupikia ni kiasi gani?,"Bei ya Mafuta ya kupikia inategemea brand, size, quantity, and seller. Please specify the preferred brand or size."
Food and Groceries,Cooking oil,Mafuta ya kupikia,Can you recommend Cooking oil?,Yes. Please tell me your budget and preferred brand or size so I can recommend a suitable Cooking oil.
Food and Groceries,Cooking oil,Mafuta ya kupikia,Where can I find Cooking oil?,You can find Cooking oil under the Food and Groceries category. The agent can help compare available options.
Food and Groceries,Sugar,Sukari,What is Sugar?,Sugar (Sukari) is available under the Food and Groceries category.
Food and Groceries,Sugar,Sukari,Do you have Sugar?,"Yes, Sugar (Sukari) can be searched in the Food and Groceries category."
Food and Groceries,Sugar,Sukari,Nahitaji Sukari.,"Ndiyo, Sukari (Sugar) ipo kwenye category ya Food and Groceries."
Food and Groceries,Sugar,Sukari,Bei ya Sukari ni kiasi gani?,"Bei ya Sukari inategemea brand, size, quantity, and seller. Please specify the preferred brand or size."
Food and Groceries,Sugar,Sukari,Can you recommend Sugar?,Yes. Please tell me your budget and preferred brand or size so I can recommend a suitable Sugar.
Food and Groceries,Sugar,Sukari,Where can I find Sugar?,You can find Sugar under the Food and Groceries category. The agent can help compare available options.
Food and Groceries,Salt,Chumvi,What is Salt?,Salt (Chumvi) is available under the Food and Groceries category.
Food and Groceries,Salt,Chumvi,Do you have Salt?,"Yes, Salt (Chumvi) can be searched in the Food and Groceries category."
Food and Groceries,Salt,Chumvi,Nahitaji Chumvi.,"Ndiyo, Chumvi (Salt) ipo kwenye category ya Food and Groceries."
Food and Groceries,Salt,Chumvi,Bei ya Chumvi ni kiasi gani?,"Bei ya Chumvi inategemea brand, size, quantity, and seller. Please specify the preferred brand or size."
Food and Groceries,Salt,Chumvi,Can you recommend Salt?,Yes. Please tell me your budget and preferred brand or size so I can recommend a suitable Salt.
Food and Groceries,Salt,Chumvi,Where can I find Salt?,You can find Salt under the Food and Groceries category. The agent can help compare available options.
Food and Groceries,Beans,Maharage,What is Beans?,Beans (Maharage) is available under the Food and Groceries category.
Food and Groceries,Beans,Maharage,Do you have Beans?,"Yes, Beans (Maharage) can be searched in the Food and Groceries category."
Food and Groceries,Beans,Maharage,Nahitaji Maharage.,"Ndiyo, Maharage (Beans) ipo kwenye category ya Food and Groceries."
Food and Groceries,Beans,Maharage,Bei ya Maharage ni kiasi gani?,"Bei ya Maharage inategemea brand, size, quantity, and seller. Please specify the preferred brand or size."
Food and Groceries,Beans,Maharage,Can you recommend Beans?,Yes. Please tell me your budget and preferred brand or size so I can recommend a suitable Beans.
Food and Groceries,Beans,Maharage,Where can I find Beans?,You can find Beans under the Food and Groceries category. The agent can help compare available options.
Food and Groceries,Lentils,Dengu,What is Lentils?,Lentils (Dengu) is available under the Food and Groceries category.
Food and Groceries,Lentils,Dengu,Do you have Lentils?,"Yes, Lentils (Dengu) can be searched in the Food and Groceries category."
Food and Groceries,Lentils,Dengu,Nahitaji Dengu.,"Ndiyo, Dengu (Lentils) ipo kwenye category ya Food and Groceries."
Food and Groceries,Lentils,Dengu,Bei ya Dengu ni kiasi gani?,"Bei ya Dengu inategemea brand, size, quantity, and seller. Please specify the preferred brand or size."
Food and Groceries,Lentils,Dengu,Can you recommend Lentils?,Yes. Please tell me your budget and preferred brand or size so I can recommend a suitable Lentils.
Food and Groceries,Lentils,Dengu,Where can I find Lentils?,You can find Lentils under the Food and Groceries category. The agent can help compare available options.
Food and Groceries,Spaghetti,Spaghetti,What is Spaghetti?,Spaghetti (Spaghetti) is available under the Food and Groceries category.
Food and Groceries,Spaghetti,Spaghetti,Do you have Spaghetti?,"Yes, Spaghetti (Spaghetti) can be searched in the Food and Groceries category."
Food and Groceries,Spaghetti,Spaghetti,Nahitaji Spaghetti.,"Ndiyo, Spaghetti (Spaghetti) ipo kwenye category ya Food and Groceries."
Food and Groceries,Spaghetti,Spaghetti,Bei ya Spaghetti ni kiasi gani?,"Bei ya Spaghetti inategemea brand, size, quantity, and seller. Please specify the preferred brand or size."
Food and Groceries,Spaghetti,Spaghetti,Can you recommend Spaghetti?,Yes. Please tell me your budget and preferred brand or size so I can recommend a suitable Spaghetti.
Food and Groceries,Spaghetti,Spaghetti,Where can I find Spaghetti?,You can find Spaghetti under the Food and Groceries category. The agent can help compare available options.
Food and Groceries,Macaroni,Macaroni,What is Macaroni?,Macaroni (Macaroni) is available under the Food and Groceries category.
Food and Groceries,Macaroni,Macaroni,Do you have Macaroni?,"Yes, Macaroni (Macaroni) can be searched in the Food and Groceries category."
Food and Groceries,Macaroni,Macaroni,Nahitaji Macaroni.,"Ndiyo, Macaroni (Macaroni) ipo kwenye category ya Food and Groceries."
Food and Groceries,Macaroni,Macaroni,Bei ya Macaroni ni kiasi gani?,"Bei ya Macaroni inategemea brand, size, quantity, and seller. Please specify the preferred brand or size."
Food and Groceries,Macaroni,Macaroni,Can you recommend Macaroni?,Yes. Please tell me your budget and preferred brand or size so I can recommend a suitable Macaroni.
Food and Groceries,Macaroni,Macaroni,Where can I find Macaroni?,You can find Macaroni under the Food and Groceries category. The agent can help compare available options.
Food and Groceries,Tea,Chai,What is Tea?,Tea (Chai) is available under the Food and Groceries category.
Food and Groceries,Tea,Chai,Do you have Tea?,"Yes, Tea (Chai) can be searched in the Food and Groceries category."
Food and Groceries,Tea,Chai,Nahitaji Chai.,"Ndiyo, Chai (Tea) ipo kwenye category ya Food and Groceries."
Food and Groceries,Tea,Chai,Bei ya Chai ni kiasi gani?,"Bei ya Chai inategemea brand, size, quantity, and seller. Please specify the preferred brand or size."
Food and Groceries,Tea,Chai,Can you recommend Tea?,Yes. Please tell me your budget and preferred brand or size so I can recommend a suitable Tea.
Food and Groceries,Tea,Chai,Where can I find Tea?,You can find Tea under the Food and Groceries category. The agent can help compare available options.
Food and Groceries,Coffee,Kahawa,What is Coffee?,Coffee (Kahawa) is available under the Food and Groceries category.
Food and Groceries,Coffee,Kahawa,Do you have Coffee?,"Yes, Coffee (Kahawa) can be searched in the Food and Groceries category."
Food and Groceries,Coffee,Kahawa,Nahitaji Kahawa.,"Ndiyo, Kahawa (Coffee) ipo kwenye category ya Food and Groceries."
Food and Groceries,Coffee,Kahawa,Bei ya Kahawa ni kiasi gani?,"Bei ya Kahawa inategemea brand, size, quantity, and seller. Please specify the preferred brand or size."
Food and Groceries,Coffee,Kahawa,Can you recommend Coffee?,Yes. Please tell me your budget and preferred brand or size so I can recommend a suitable Coffee.
Food and Groceries,Coffee,Kahawa,Where can I find Coffee?,You can find Coffee under the Food and Groceries category. The agent can help compare available options.
Food and Groceries,Milk,Maziwa,What is Milk?,Milk (Maziwa) is available under the Food and Groceries category.
Food and Groceries,Milk,Maziwa,Do you have Milk?,"Yes, Milk (Maziwa) can be searched in the Food and Groceries category."
Food and Groceries,Milk,Maziwa,Nahitaji Maziwa.,"Ndiyo, Maziwa (Milk) ipo kwenye category ya Food and Groceries."
Food and Groceries,Milk,Maziwa,Bei ya Maziwa ni kiasi gani?,"Bei ya Maziwa inategemea brand, size, quantity, and seller. Please specify the preferred brand or size."
Food and Groceries,Milk,Maziwa,Can you recommend Milk?,Yes. Please tell me your budget and preferred brand or size so I can recommend a suitable Milk.
Food and Groceries,Milk,Maziwa,Where can I find Milk?,You can find Milk under the Food and Groceries category. The agent can help compare available options.
Food and Groceries,Powdered milk,Maziwa ya unga,What is Powdered milk?,Powdered milk (Maziwa ya unga) is available under the Food and Groceries category.
Food and Groceries,Powdered milk,Maziwa ya unga,Do you have Powdered milk?,"Yes, Powdered milk (Maziwa ya unga) can be searched in the Food and Groceries category."
Food and Groceries,Powdered milk,Maziwa ya unga,Nahitaji Maziwa ya unga.,"Ndiyo, Maziwa ya unga (Powdered milk) ipo kwenye category ya Food and Groceries."
Food and Groceries,Powdered milk,Maziwa ya unga,Bei ya Maziwa ya unga ni kiasi gani?,"Bei ya Maziwa ya unga inategemea brand, size, quantity, and seller. Please specify the preferred brand or size."
Food and Groceries,Powdered milk,Maziwa ya unga,Can you recommend Powdered milk?,Yes. Please tell me your budget and preferred brand or size so I can recommend a suitable Powdered milk.
Food and Groceries,Powdered milk,Maziwa ya unga,Where can I find Powdered milk?,You can find Powdered milk under the Food and Groceries category. The agent can help compare available options.
Food and Groceries,Eggs,Mayai,What is Eggs?,Eggs (Mayai) is available under the Food and Groceries category.
Food and Groceries,Eggs,Mayai,Do you have Eggs?,"Yes, Eggs (Mayai) can be searched in the Food and Groceries category."
Food and Groceries,Eggs,Mayai,Nahitaji Mayai.,"Ndiyo, Mayai (Eggs) ipo kwenye category ya Food and Groceries."
Food and Groceries,Eggs,Mayai,Bei ya Mayai ni kiasi gani?,"Bei ya Mayai inategemea brand, size, quantity, and seller. Please specify the preferred brand or size."
Food and Groceries,Eggs,Mayai,Can you recommend Eggs?,Yes. Please tell me your budget and preferred brand or size so I can recommend a suitable Eggs.
Food and Groceries,Eggs,Mayai,Where can I find Eggs?,You can find Eggs under the Food and Groceries category. The agent can help compare available options.
Food and Groceries,Bread,Mkate,What is Bread?,Bread (Mkate) is available under the Food and Groceries category.
Food and Groceries,Bread,Mkate,Do you have Bread?,"Yes, Bread (Mkate) can be searched in the Food and Groceries category."
Food and Groceries,Bread,Mkate,Nahitaji Mkate.,"Ndiyo, Mkate (Bread) ipo kwenye category ya Food and Groceries."
Food and Groceries,Bread,Mkate,Bei ya Mkate ni kiasi gani?,"Bei ya Mkate inategemea brand, size, quantity, and seller. Please specify the preferred brand or size."
Food and Groceries,Bread,Mkate,Can you recommend Bread?,Yes. Please tell me your budget and preferred brand or size so I can recommend a suitable Bread.
Food and Groceries,Bread,Mkate,Where can I find Bread?,You can find Bread under the Food and Groceries category. The agent can help compare available options.
Food and Groceries,Biscuits,Biskuti,What is Biscuits?,Biscuits (Biskuti) is available under the Food and Groceries category.
Food and Groceries,Biscuits,Biskuti,Do you have Biscuits?,"Yes, Biscuits (Biskuti) can be searched in the Food and Groceries category."
Food and Groceries,Biscuits,Biskuti,Nahitaji Biskuti.,"Ndiyo, Biskuti (Biscuits) ipo kwenye category ya Food and Groceries."
Food and Groceries,Biscuits,Biskuti,Bei ya Biskuti ni kiasi gani?,"Bei ya Biskuti inategemea brand, size, quantity, and seller. Please specify the preferred brand or size."
Food and Groceries,Biscuits,Biskuti,Can you recommend Biscuits?,Yes. Please tell me your budget and preferred brand or size so I can recommend a suitable Biscuits.
Food and Groceries,Biscuits,Biskuti,Where can I find Biscuits?,You can find Biscuits under the Food and Groceries category. The agent can help compare available options.
Food and Groceries,Peanut butter,Siagi ya karanga,What is Peanut butter?,Peanut butter (Siagi ya karanga) is available under the Food and Groceries category.
Food and Groceries,Peanut butter,Siagi ya karanga,Do you have Peanut butter?,"Yes, Peanut butter (Siagi ya karanga) can be searched in the Food and Groceries category."
Food and Groceries,Peanut butter,Siagi ya karanga,Nahitaji Siagi ya karanga.,"Ndiyo, Siagi ya karanga (Peanut butter) ipo kwenye category ya Food and Groceries."
Food and Groceries,Peanut butter,Siagi ya karanga,Bei ya Siagi ya karanga ni kiasi gani?,"Bei ya Siagi ya karanga inategemea brand, size, quantity, and seller. Please specify the preferred brand or size."
Food and Groceries,Peanut butter,Siagi ya karanga,Can you recommend Peanut butter?,Yes. Please tell me your budget and preferred brand or size so I can recommend a suitable Peanut butter.
Food and Groceries,Peanut butter,Siagi ya karanga,Where can I find Peanut butter?,You can find Peanut butter under the Food and Groceries category. The agent can help compare available options.
Food and Groceries,Margarine,Siagi ya kupaka,What is Margarine?,Margarine (Siagi ya kupaka) is available under the Food and Groceries category.
Food and Groceries,Margarine,Siagi ya kupaka,Do you have Margarine?,"Yes, Margarine (Siagi ya kupaka) can be searched in the Food and Groceries category."
Food and Groceries,Margarine,Siagi ya kupaka,Nahitaji Siagi ya kupaka.,"Ndiyo, Siagi ya kupaka (Margarine) ipo kwenye category ya Food and Groceries."
Food and Groceries,Margarine,Siagi ya kupaka,Bei ya Siagi ya kupaka ni kiasi gani?,"Bei ya Siagi ya kupaka inategemea brand, size, quantity, and seller. Please specify the preferred brand or size."
Food and Groceries,Margarine,Siagi ya kupaka,Can you recommend Margarine?,Yes. Please tell me your budget and preferred brand or size so I can recommend a suitable Margarine.
Food and Groceries,Margarine,Siagi ya kupaka,Where can I find Margarine?,You can find Margarine under the Food and Groceries category. The agent can help compare available options.
Food and Groceries,Tomato sauce,Mchuzi wa nyanya,What is Tomato sauce?,Tomato sauce (Mchuzi wa nyanya) is available under the Food and Groceries category.
Food and Groceries,Tomato sauce,Mchuzi wa nyanya,Do you have Tomato sauce?,"Yes, Tomato sauce (Mchuzi wa nyanya) can be searched in the Food and Groceries category."
Food and Groceries,Tomato sauce,Mchuzi wa nyanya,Nahitaji Mchuzi wa nyanya.,"Ndiyo, Mchuzi wa nyanya (Tomato sauce) ipo kwenye category ya Food and Groceries."
Food and Groceries,Tomato sauce,Mchuzi wa nyanya,Bei ya Mchuzi wa nyanya ni kiasi gani?,"Bei ya Mchuzi wa nyanya inategemea brand, size, quantity, and seller. Please specify the preferred brand or size."
Food and Groceries,Tomato sauce,Mchuzi wa nyanya,Can you recommend Tomato sauce?,Yes. Please tell me your budget and preferred brand or size so I can recommend a suitable Tomato sauce.
Food and Groceries,Tomato sauce,Mchuzi wa nyanya,Where can I find Tomato sauce?,You can find Tomato sauce under the Food and Groceries category. The agent can help compare available options.
Food and Groceries,Spices,Viungo,What is Spices?,Spices (Viungo) is available under the Food and Groceries category.
Food and Groceries,Spices,Viungo,Do you have Spices?,"Yes, Spices (Viungo) can be searched in the Food and Groceries category."
Food and Groceries,Spices,Viungo,Nahitaji Viungo.,"Ndiyo, Viungo (Spices) ipo kwenye category ya Food and Groceries."
Food and Groceries,Spices,Viungo,Bei ya Viungo ni kiasi gani?,"Bei ya Viungo inategemea brand, size, quantity, and seller. Please specify the preferred brand or size."
Food and Groceries,Spices,Viungo,Can you recommend Spices?,Yes. Please tell me your budget and preferred brand or size so I can recommend a suitable Spices.
Food and Groceries,Spices,Viungo,Where can I find Spices?,You can find Spices under the Food and Groceries category. The agent can help compare available options.
Food and Groceries,Onions,Vitunguu,What is Onions?,Onions (Vitunguu) is available under the Food and Groceries category.
Food and Groceries,Onions,Vitunguu,Do you have Onions?,"Yes, Onions (Vitunguu) can be searched in the Food and Groceries category."
Food and Groceries,Onions,Vitunguu,Nahitaji Vitunguu.,"Ndiyo, Vitunguu (Onions) ipo kwenye category ya Food and Groceries."
Food and Groceries,Onions,Vitunguu,Bei ya Vitunguu ni kiasi gani?,"Bei ya Vitunguu inategemea brand, size, quantity, and seller. Please specify the preferred brand or size."
Food and Groceries,Onions,Vitunguu,Can you recommend Onions?,Yes. Please tell me your budget and preferred brand or size so I can recommend a suitable Onions.
Food and Groceries,Onions,Vitunguu,Where can I find Onions?,You can find Onions under the Food and Groceries category. The agent can help compare available options.
Food and Groceries,Tomatoes,Nyanya,What is Tomatoes?,Tomatoes (Nyanya) is available under the Food and Groceries category.
Food and Groceries,Tomatoes,Nyanya,Do you have Tomatoes?,"Yes, Tomatoes (Nyanya) can be searched in the Food and Groceries category."
Food and Groceries,Tomatoes,Nyanya,Nahitaji Nyanya.,"Ndiyo, Nyanya (Tomatoes) ipo kwenye category ya Food and Groceries."
Food and Groceries,Tomatoes,Nyanya,Bei ya Nyanya ni kiasi gani?,"Bei ya Nyanya inategemea brand, size, quantity, and seller. Please specify the preferred brand or size."
Food and Groceries,Tomatoes,Nyanya,Can you recommend Tomatoes?,Yes. Please tell me your budget and preferred brand or size so I can recommend a suitable Tomatoes.
Food and Groceries,Tomatoes,Nyanya,Where can I find Tomatoes?,You can find Tomatoes under the Food and Groceries category. The agent can help compare available options.
Food and Groceries,Potatoes,Viazi,What is Potatoes?,Potatoes (Viazi) is available under the Food and Groceries category.
Food and Groceries,Potatoes,Viazi,Do you have Potatoes?,"Yes, Potatoes (Viazi) can be searched in the Food and Groceries category."
Food and Groceries,Potatoes,Viazi,Nahitaji Viazi.,"Ndiyo, Viazi (Potatoes) ipo kwenye category ya Food and Groceries."
Food and Groceries,Potatoes,Viazi,Bei ya Viazi ni kiasi gani?,"Bei ya Viazi inategemea brand, size, quantity, and seller. Please specify the preferred brand or size."
Food and Groceries,Potatoes,Viazi,Can you recommend Potatoes?,Yes. Please tell me your budget and preferred brand or size so I can recommend a suitable Potatoes.
Food and Groceries,Potatoes,Viazi,Where can I find Potatoes?,You can find Potatoes under the Food and Groceries category. The agent can help compare available options.
Food and Groceries,Bananas,Ndizi,What is Bananas?,Bananas (Ndizi) is available under the Food and Groceries category.
Food and Groceries,Bananas,Ndizi,Do you have Bananas?,"Yes, Bananas (Ndizi) can be searched in the Food and Groceries category."
Food and Groceries,Bananas,Ndizi,Nahitaji Ndizi.,"Ndiyo, Ndizi (Bananas) ipo kwenye category ya Food and Groceries."
Food and Groceries,Bananas,Ndizi,Bei ya Ndizi ni kiasi gani?,"Bei ya Ndizi inategemea brand, size, quantity, and seller. Please specify the preferred brand or size."
Food and Groceries,Bananas,Ndizi,Can you recommend Bananas?,Yes. Please tell me your budget and preferred brand or size so I can recommend a suitable Bananas.
Food and Groceries,Bananas,Ndizi,Where can I find Bananas?,You can find Bananas under the Food and Groceries category. The agent can help compare available options.
Food and Groceries,Oranges,Machungwa,What is Oranges?,Oranges (Machungwa) is available under the Food and Groceries category.
Food and Groceries,Oranges,Machungwa,Do you have Oranges?,"Yes, Oranges (Machungwa) can be searched in the Food and Groceries category."
Food and Groceries,Oranges,Machungwa,Nahitaji Machungwa.,"Ndiyo, Machungwa (Oranges) ipo kwenye category ya Food and Groceries."
Food and Groceries,Oranges,Machungwa,Bei ya Machungwa ni kiasi gani?,"Bei ya Machungwa inategemea brand, size, quantity, and seller. Please specify the preferred brand or size."
Food and Groceries,Oranges,Machungwa,Can you recommend Oranges?,Yes. Please tell me your budget and preferred brand or size so I can recommend a suitable Oranges.
Food and Groceries,Oranges,Machungwa,Where can I find Oranges?,You can find Oranges under the Food and Groceries category. The agent can help compare available options.
Food and Groceries,Mangoes,Maembe,What is Mangoes?,Mangoes (Maembe) is available under the Food and Groceries category.
Food and Groceries,Mangoes,Maembe,Do you have Mangoes?,"Yes, Mangoes (Maembe) can be searched in the Food and Groceries category."
Food and Groceries,Mangoes,Maembe,Nahitaji Maembe.,"Ndiyo, Maembe (Mangoes) ipo kwenye category ya Food and Groceries."
Food and Groceries,Mangoes,Maembe,Bei ya Maembe ni kiasi gani?,"Bei ya Maembe inategemea brand, size, quantity, and seller. Please specify the preferred brand or size."
Food and Groceries,Mangoes,Maembe,Can you recommend Mangoes?,Yes. Please tell me your budget and preferred brand or size so I can recommend a suitable Mangoes.
Food and Groceries,Mangoes,Maembe,Where can I find Mangoes?,You can find Mangoes under the Food and Groceries category. The agent can help compare available options.
Food and Groceries,Avocados,Parachichi,What is Avocados?,Avocados (Parachichi) is available under the Food and Groceries category.
Food and Groceries,Avocados,Parachichi,Do you have Avocados?,"Yes, Avocados (Parachichi) can be searched in the Food and Groceries category."
Food and Groceries,Avocados,Parachichi,Nahitaji Parachichi.,"Ndiyo, Parachichi (Avocados) ipo kwenye category ya Food and Groceries."
Food and Groceries,Avocados,Parachichi,Bei ya Parachichi ni kiasi gani?,"Bei ya Parachichi inategemea brand, size, quantity, and seller. Please specify the preferred brand or size."
Food and Groceries,Avocados,Parachichi,Can you recommend Avocados?,Yes. Please tell me your budget and preferred brand or size so I can recommend a suitable Avocados.
Food and Groceries,Avocados,Parachichi,Where can I find Avocados?,You can find Avocados under the Food and Groceries category. The agent can help compare available options.
Food and Groceries,Chicken,Kuku,What is Chicken?,Chicken (Kuku) is available under the Food and Groceries category.
Food and Groceries,Chicken,Kuku,Do you have Chicken?,"Yes, Chicken (Kuku) can be searched in the Food and Groceries category."
Food and Groceries,Chicken,Kuku,Nahitaji Kuku.,"Ndiyo, Kuku (Chicken) ipo kwenye category ya Food and Groceries."
Food and Groceries,Chicken,Kuku,Bei ya Kuku ni kiasi gani?,"Bei ya Kuku inategemea brand, size, quantity, and seller. Please specify the preferred brand or size."
Food and Groceries,Chicken,Kuku,Can you recommend Chicken?,Yes. Please tell me your budget and preferred brand or size so I can recommend a suitable Chicken.
Food and Groceries,Chicken,Kuku,Where can I find Chicken?,You can find Chicken under the Food and Groceries category. The agent can help compare available options.
Food and Groceries,Beef,Nyama ya ng'ombe,What is Beef?,Beef (Nyama ya ng'ombe) is available under the Food and Groceries category.
Food and Groceries,Beef,Nyama ya ng'ombe,Do you have Beef?,"Yes, Beef (Nyama ya ng'ombe) can be searched in the Food and Groceries category."
Food and Groceries,Beef,Nyama ya ng'ombe,Nahitaji Nyama ya ng'ombe.,"Ndiyo, Nyama ya ng'ombe (Beef) ipo kwenye category ya Food and Groceries."
Food and Groceries,Beef,Nyama ya ng'ombe,Bei ya Nyama ya ng'ombe ni kiasi gani?,"Bei ya Nyama ya ng'ombe inategemea brand, size, quantity, and seller. Please specify the preferred brand or size."
Food and Groceries,Beef,Nyama ya ng'ombe,Can you recommend Beef?,Yes. Please tell me your budget and preferred brand or size so I can recommend a suitable Beef.
Food and Groceries,Beef,Nyama ya ng'ombe,Where can I find Beef?,You can find Beef under the Food and Groceries category. The agent can help compare available options.
Food and Groceries,Fish,Samaki,What is Fish?,Fish (Samaki) is available under the Food and Groceries category.
Food and Groceries,Fish,Samaki,Do you have Fish?,"Yes, Fish (Samaki) can be searched in the Food and Groceries category."
Food and Groceries,Fish,Samaki,Nahitaji Samaki.,"Ndiyo, Samaki (Fish) ipo kwenye category ya Food and Groceries."
Food and Groceries,Fish,Samaki,Bei ya Samaki ni kiasi gani?,"Bei ya Samaki inategemea brand, size, quantity, and seller. Please specify the preferred brand or size."
Food and Groceries,Fish,Samaki,Can you recommend Fish?,Yes. Please tell me your budget and preferred brand or size so I can recommend a suitable Fish.
Food and Groceries,Fish,Samaki,Where can I find Fish?,You can find Fish under the Food and Groceries category. The agent can help compare available options.
Drinks,Bottled water,Maji ya chupa,What is Bottled water?,Bottled water (Maji ya chupa) is available under the Drinks category.
Drinks,Bottled water,Maji ya chupa,Do you have Bottled water?,"Yes, Bottled water (Maji ya chupa) can be searched in the Drinks category."
Drinks,Bottled water,Maji ya chupa,Nahitaji Maji ya chupa.,"Ndiyo, Maji ya chupa (Bottled water) ipo kwenye category ya Drinks."
Drinks,Bottled water,Maji ya chupa,Bei ya Maji ya chupa ni kiasi gani?,"Bei ya Maji ya chupa inategemea brand, size, quantity, and seller. Please specify the preferred brand or size."
Drinks,Bottled water,Maji ya chupa,Can you recommend Bottled water?,Yes. Please tell me your budget and preferred brand or size so I can recommend a suitable Bottled water.
Drinks,Bottled water,Maji ya chupa,Where can I find Bottled water?,You can find Bottled water under the Drinks category. The agent can help compare available options.
Drinks,Soda,Soda,What is Soda?,Soda (Soda) is available under the Drinks category.
Drinks,Soda,Soda,Do you have Soda?,"Yes, Soda (Soda) can be searched in the Drinks category."
Drinks,Soda,Soda,Nahitaji Soda.,"Ndiyo, Soda (Soda) ipo kwenye category ya Drinks."
Drinks,Soda,Soda,Bei ya Soda ni kiasi gani?,"Bei ya Soda inategemea brand, size, quantity, and seller. Please specify the preferred brand or size."
Drinks,Soda,Soda,Can you recommend Soda?,Yes. Please tell me your budget and preferred brand or size so I can recommend a suitable Soda.
Drinks,Soda,Soda,Where can I find Soda?,You can find Soda under the Drinks category. The agent can help compare available options.
Drinks,Juice,Juisi,What is Juice?,Juice (Juisi) is available under the Drinks category.
Drinks,Juice,Juisi,Do you have Juice?,"Yes, Juice (Juisi) can be searched in the Drinks category."
Drinks,Juice,Juisi,Nahitaji Juisi.,"Ndiyo, Juisi (Juice) ipo kwenye category ya Drinks."
Drinks,Juice,Juisi,Bei ya Juisi ni kiasi gani?,"Bei ya Juisi inategemea brand, size, quantity, and seller. Please specify the preferred brand or size."
Drinks,Juice,Juisi,Can you recommend Juice?,Yes. Please tell me your budget and preferred brand or size so I can recommend a suitable Juice.
Drinks,Juice,Juisi,Where can I find Juice?,You can find Juice under the Drinks category. The agent can help compare available options.
Drinks,Energy drinks,Vinywaji vya kuongeza nguvu,What is Energy drinks?,Energy drinks (Vinywaji vya kuongeza nguvu) is available under the Drinks category.
Drinks,Energy drinks,Vinywaji vya kuongeza nguvu,Do you have Energy drinks?,"Yes, Energy drinks (Vinywaji vya kuongeza nguvu) can be searched in the Drinks category."
Drinks,Energy drinks,Vinywaji vya kuongeza nguvu,Nahitaji Vinywaji vya kuongeza nguvu.,"Ndiyo, Vinywaji vya kuongeza nguvu (Energy drinks) ipo kwenye category ya Drinks."
Drinks,Energy drinks,Vinywaji vya kuongeza nguvu,Bei ya Vinywaji vya kuongeza nguvu ni kiasi gani?,"Bei ya Vinywaji vya kuongeza nguvu inategemea brand, size, quantity, and seller. Please specify the preferred brand or size."
Drinks,Energy drinks,Vinywaji vya kuongeza nguvu,Can you recommend Energy drinks?,Yes. Please tell me your budget and preferred brand or size so I can recommend a suitable Energy drinks.
Drinks,Energy drinks,Vinywaji vya kuongeza nguvu,Where can I find Energy drinks?,You can find Energy drinks under the Drinks category. The agent can help compare available options.
Drinks,Milk drinks,Vinywaji vya maziwa,What is Milk drinks?,Milk drinks (Vinywaji vya maziwa) is available under the Drinks category.
Drinks,Milk drinks,Vinywaji vya maziwa,Do you have Milk drinks?,"Yes, Milk drinks (Vinywaji vya maziwa) can be searched in the Drinks category."
Drinks,Milk drinks,Vinywaji vya maziwa,Nahitaji Vinywaji vya maziwa.,"Ndiyo, Vinywaji vya maziwa (Milk drinks) ipo kwenye category ya Drinks."
Drinks,Milk drinks,Vinywaji vya maziwa,Bei ya Vinywaji vya maziwa ni kiasi gani?,"Bei ya Vinywaji vya maziwa inategemea brand, size, quantity, and seller. Please specify the preferred brand or size."
Drinks,Milk drinks,Vinywaji vya maziwa,Can you recommend Milk drinks?,Yes. Please tell me your budget and preferred brand or size so I can recommend a suitable Milk drinks.
Drinks,Milk drinks,Vinywaji vya maziwa,Where can I find Milk drinks?,You can find Milk drinks under the Drinks category. The agent can help compare available options.
Drinks,Coffee,Kahawa,What is Coffee?,Coffee (Kahawa) is available under the Drinks category.
Drinks,Coffee,Kahawa,Do you have Coffee?,"Yes, Coffee (Kahawa) can be searched in the Drinks category."
Drinks,Coffee,Kahawa,Nahitaji Kahawa.,"Ndiyo, Kahawa (Coffee) ipo kwenye category ya Drinks."
Drinks,Coffee,Kahawa,Bei ya Kahawa ni kiasi gani?,"Bei ya Kahawa inategemea brand, size, quantity, and seller. Please specify the preferred brand or size."
Drinks,Coffee,Kahawa,Can you recommend Coffee?,Yes. Please tell me your budget and preferred brand or size so I can recommend a suitable Coffee.
Drinks,Coffee,Kahawa,Where can I find Coffee?,You can find Coffee under the Drinks category. The agent can help compare available options.
Drinks,Tea,Chai,What is Tea?,Tea (Chai) is available under the Drinks category.
Drinks,Tea,Chai,Do you have Tea?,"Yes, Tea (Chai) can be searched in the Drinks category."
Drinks,Tea,Chai,Nahitaji Chai.,"Ndiyo, Chai (Tea) ipo kwenye category ya Drinks."
Drinks,Tea,Chai,Bei ya Chai ni kiasi gani?,"Bei ya Chai inategemea brand, size, quantity, and seller. Please specify the preferred brand or size."
Drinks,Tea,Chai,Can you recommend Tea?,Yes. Please tell me your budget and preferred brand or size so I can recommend a suitable Tea.
Drinks,Tea,Chai,Where can I find Tea?,You can find Tea under the Drinks category. The agent can help compare available options.
Personal Care and Beauty,Body lotion,Lotion ya mwili,What is Body lotion?,Body lotion (Lotion ya mwili) is available under the Personal Care and Beauty category.
Personal Care and Beauty,Body lotion,Lotion ya mwili,Do you have Body lotion?,"Yes, Body lotion (Lotion ya mwili) can be searched in the Personal Care and Beauty category."
Personal Care and Beauty,Body lotion,Lotion ya mwili,Nahitaji Lotion ya mwili.,"Ndiyo, Lotion ya mwili (Body lotion) ipo kwenye category ya Personal Care and Beauty."
Personal Care and Beauty,Body lotion,Lotion ya mwili,Bei ya Lotion ya mwili ni kiasi gani?,"Bei ya Lotion ya mwili inategemea brand, size, quantity, and seller. Please specify the preferred brand or size."
Personal Care and Beauty,Body lotion,Lotion ya mwili,Can you recommend Body lotion?,Yes. Please tell me your budget and preferred brand or size so I can recommend a suitable Body lotion.
Personal Care and Beauty,Body lotion,Lotion ya mwili,Where can I find Body lotion?,You can find Body lotion under the Personal Care and Beauty category. The agent can help compare available options.
Personal Care and Beauty,Body oil,Mafuta ya mwili,What is Body oil?,Body oil (Mafuta ya mwili) is available under the Personal Care and Beauty category.
Personal Care and Beauty,Body oil,Mafuta ya mwili,Do you have Body oil?,"Yes, Body oil (Mafuta ya mwili) can be searched in the Personal Care and Beauty category."
Personal Care and Beauty,Body oil,Mafuta ya mwili,Nahitaji Mafuta ya mwili.,"Ndiyo, Mafuta ya mwili (Body oil) ipo kwenye category ya Personal Care and Beauty."
Personal Care and Beauty,Body oil,Mafuta ya mwili,Bei ya Mafuta ya mwili ni kiasi gani?,"Bei ya Mafuta ya mwili inategemea brand, size, quantity, and seller. Please specify the preferred brand or size."
Personal Care and Beauty,Body oil,Mafuta ya mwili,Can you recommend Body oil?,Yes. Please tell me your budget and preferred brand or size so I can recommend a suitable Body oil.
Personal Care and Beauty,Body oil,Mafuta ya mwili,Where can I find Body oil?,You can find Body oil under the Personal Care and Beauty category. The agent can help compare available options.
Personal Care and Beauty,Petroleum jelly,Vaseline,What is Petroleum jelly?,Petroleum jelly (Vaseline) is available under the Personal Care and Beauty category.
Personal Care and Beauty,Petroleum jelly,Vaseline,Do you have Petroleum jelly?,"Yes, Petroleum jelly (Vaseline) can be searched in the Personal Care and Beauty category."
Personal Care and Beauty,Petroleum jelly,Vaseline,Nahitaji Vaseline.,"Ndiyo, Vaseline (Petroleum jelly) ipo kwenye category ya Personal Care and Beauty."
Personal Care and Beauty,Petroleum jelly,Vaseline,Bei ya Vaseline ni kiasi gani?,"Bei ya Vaseline inategemea brand, size, quantity, and seller. Please specify the preferred brand or size."
Personal Care and Beauty,Petroleum jelly,Vaseline,Can you recommend Petroleum jelly?,Yes. Please tell me your budget and preferred brand or size so I can recommend a suitable Petroleum jelly.
Personal Care and Beauty,Petroleum jelly,Vaseline,Where can I find Petroleum jelly?,You can find Petroleum jelly under the Personal Care and Beauty category. The agent can help compare available options.
Personal Care and Beauty,Face cream,Krimu ya uso,What is Face cream?,Face cream (Krimu ya uso) is available under the Personal Care and Beauty category.
Personal Care and Beauty,Face cream,Krimu ya uso,Do you have Face cream?,"Yes, Face cream (Krimu ya uso) can be searched in the Personal Care and Beauty category."
Personal Care and Beauty,Face cream,Krimu ya uso,Nahitaji Krimu ya uso.,"Ndiyo, Krimu ya uso (Face cream) ipo kwenye category ya Personal Care and Beauty."
Personal Care and Beauty,Face cream,Krimu ya uso,Bei ya Krimu ya uso ni kiasi gani?,"Bei ya Krimu ya uso inategemea brand, size, quantity, and seller. Please specify the preferred brand or size."
Personal Care and Beauty,Face cream,Krimu ya uso,Can you recommend Face cream?,Yes. Please tell me your budget and preferred brand or size so I can recommend a suitable Face cream.
Personal Care and Beauty,Face cream,Krimu ya uso,Where can I find Face cream?,You can find Face cream under the Personal Care and Beauty category. The agent can help compare available options.
Personal Care and Beauty,Face wash,Sabuni ya uso,What is Face wash?,Face wash (Sabuni ya uso) is available under the Personal Care and Beauty category.
Personal Care and Beauty,Face wash,Sabuni ya uso,Do you have Face wash?,"Yes, Face wash (Sabuni ya uso) can be searched in the Personal Care and Beauty category."
Personal Care and Beauty,Face wash,Sabuni ya uso,Nahitaji Sabuni ya uso.,"Ndiyo, Sabuni ya uso (Face wash) ipo kwenye category ya Personal Care and Beauty."
Personal Care and Beauty,Face wash,Sabuni ya uso,Bei ya Sabuni ya uso ni kiasi gani?,"Bei ya Sabuni ya uso inategemea brand, size, quantity, and seller. Please specify the preferred brand or size."
Personal Care and Beauty,Face wash,Sabuni ya uso,Can you recommend Face wash?,Yes. Please tell me your budget and preferred brand or size so I can recommend a suitable Face wash.
Personal Care and Beauty,Face wash,Sabuni ya uso,Where can I find Face wash?,You can find Face wash under the Personal Care and Beauty category. The agent can help compare available options.
Personal Care and Beauty,Sunscreen,Mafuta ya kuzuia jua,What is Sunscreen?,Sunscreen (Mafuta ya kuzuia jua) is available under the Personal Care and Beauty category.
Personal Care and Beauty,Sunscreen,Mafuta ya kuzuia jua,Do you have Sunscreen?,"Yes, Sunscreen (Mafuta ya kuzuia jua) can be searched in the Personal Care and Beauty category."
Personal Care and Beauty,Sunscreen,Mafuta ya kuzuia jua,Nahitaji Mafuta ya kuzuia jua.,"Ndiyo, Mafuta ya kuzuia jua (Sunscreen) ipo kwenye category ya Personal Care and Beauty."
Personal Care and Beauty,Sunscreen,Mafuta ya kuzuia jua,Bei ya Mafuta ya kuzuia jua ni kiasi gani?,"Bei ya Mafuta ya kuzuia jua inategemea brand, size, quantity, and seller. Please specify the preferred brand or size."
Personal Care and Beauty,Sunscreen,Mafuta ya kuzuia jua,Can you recommend Sunscreen?,Yes. Please tell me your budget and preferred brand or size so I can recommend a suitable Sunscreen.
Personal Care and Beauty,Sunscreen,Mafuta ya kuzuia jua,Where can I find Sunscreen?,You can find Sunscreen under the Personal Care and Beauty category. The agent can help compare available options.
Personal Care and Beauty,Lip balm,Mafuta ya midomo,What is Lip balm?,Lip balm (Mafuta ya midomo) is available under the Personal Care and Beauty category.
Personal Care and Beauty,Lip balm,Mafuta ya midomo,Do you have Lip balm?,"Yes, Lip balm (Mafuta ya midomo) can be searched in the Personal Care and Beauty category."
Personal Care and Beauty,Lip balm,Mafuta ya midomo,Nahitaji Mafuta ya midomo.,"Ndiyo, Mafuta ya midomo (Lip balm) ipo kwenye category ya Personal Care and Beauty."
Personal Care and Beauty,Lip balm,Mafuta ya midomo,Bei ya Mafuta ya midomo ni kiasi gani?,"Bei ya Mafuta ya midomo inategemea brand, size, quantity, and seller. Please specify the preferred brand or size."
Personal Care and Beauty,Lip balm,Mafuta ya midomo,Can you recommend Lip balm?,Yes. Please tell me your budget and preferred brand or size so I can recommend a suitable Lip balm.
Personal Care and Beauty,Lip balm,Mafuta ya midomo,Where can I find Lip balm?,You can find Lip balm under the Personal Care and Beauty category. The agent can help compare available options.
Personal Care and Beauty,Perfume,Perfume/Manukato,What is Perfume?,Perfume (Perfume/Manukato) is available under the Personal Care and Beauty category.
Personal Care and Beauty,Perfume,Perfume/Manukato,Do you have Perfume?,"Yes, Perfume (Perfume/Manukato) can be searched in the Personal Care and Beauty category."
Personal Care and Beauty,Perfume,Perfume/Manukato,Nahitaji Perfume/Manukato.,"Ndiyo, Perfume/Manukato (Perfume) ipo kwenye category ya Personal Care and Beauty."
Personal Care and Beauty,Perfume,Perfume/Manukato,Bei ya Perfume/Manukato ni kiasi gani?,"Bei ya Perfume/Manukato inategemea brand, size, quantity, and seller. Please specify the preferred brand or size."
Personal Care and Beauty,Perfume,Perfume/Manukato,Can you recommend Perfume?,Yes. Please tell me your budget and preferred brand or size so I can recommend a suitable Perfume.
Personal Care and Beauty,Perfume,Perfume/Manukato,Where can I find Perfume?,You can find Perfume under the Personal Care and Beauty category. The agent can help compare available options.
Personal Care and Beauty,Deodorant,Deodorant,What is Deodorant?,Deodorant (Deodorant) is available under the Personal Care and Beauty category.
Personal Care and Beauty,Deodorant,Deodorant,Do you have Deodorant?,"Yes, Deodorant (Deodorant) can be searched in the Personal Care and Beauty category."
Personal Care and Beauty,Deodorant,Deodorant,Nahitaji Deodorant.,"Ndiyo, Deodorant (Deodorant) ipo kwenye category ya Personal Care and Beauty."
Personal Care and Beauty,Deodorant,Deodorant,Bei ya Deodorant ni kiasi gani?,"Bei ya Deodorant inategemea brand, size, quantity, and seller. Please specify the preferred brand or size."
Personal Care and Beauty,Deodorant,Deodorant,Can you recommend Deodorant?,Yes. Please tell me your budget and preferred brand or size so I can recommend a suitable Deodorant.
Personal Care and Beauty,Deodorant,Deodorant,Where can I find Deodorant?,You can find Deodorant under the Personal Care and Beauty category. The agent can help compare available options.
Personal Care and Beauty,Body spray,Body spray,What is Body spray?,Body spray (Body spray) is available under the Personal Care and Beauty category.
Personal Care and Beauty,Body spray,Body spray,Do you have Body spray?,"Yes, Body spray (Body spray) can be searched in the Personal Care and Beauty category."
Personal Care and Beauty,Body spray,Body spray,Nahitaji Body spray.,"Ndiyo, Body spray (Body spray) ipo kwenye category ya Personal Care and Beauty."
Personal Care and Beauty,Body spray,Body spray,Bei ya Body spray ni kiasi gani?,"Bei ya Body spray inategemea brand, size, quantity, and seller. Please specify the preferred brand or size."
Personal Care and Beauty,Body spray,Body spray,Can you recommend Body spray?,Yes. Please tell me your budget and preferred brand or size so I can recommend a suitable Body spray.
Personal Care and Beauty,Body spray,Body spray,Where can I find Body spray?,You can find Body spray under the Personal Care and Beauty category. The agent can help compare available options.
Personal Care and Beauty,Shower gel,Shower gel,What is Shower gel?,Shower gel (Shower gel) is available under the Personal Care and Beauty category.
Personal Care and Beauty,Shower gel,Shower gel,Do you have Shower gel?,"Yes, Shower gel (Shower gel) can be searched in the Personal Care and Beauty category."
Personal Care and Beauty,Shower gel,Shower gel,Nahitaji Shower gel.,"Ndiyo, Shower gel (Shower gel) ipo kwenye category ya Personal Care and Beauty."
Personal Care and Beauty,Shower gel,Shower gel,Bei ya Shower gel ni kiasi gani?,"Bei ya Shower gel inategemea brand, size, quantity, and seller. Please specify the preferred brand or size."
Personal Care and Beauty,Shower gel,Shower gel,Can you recommend Shower gel?,Yes. Please tell me your budget and preferred brand or size so I can recommend a suitable Shower gel.
Personal Care and Beauty,Shower gel,Shower gel,Where can I find Shower gel?,You can find Shower gel under the Personal Care and Beauty category. The agent can help compare available options.
Personal Care and Beauty,Soap,Sabuni,What is Soap?,Soap (Sabuni) is available under the Personal Care and Beauty category.
Personal Care and Beauty,Soap,Sabuni,Do you have Soap?,"Yes, Soap (Sabuni) can be searched in the Personal Care and Beauty category."
Personal Care and Beauty,Soap,Sabuni,Nahitaji Sabuni.,"Ndiyo, Sabuni (Soap) ipo kwenye category ya Personal Care and Beauty."
Personal Care and Beauty,Soap,Sabuni,Bei ya Sabuni ni kiasi gani?,"Bei ya Sabuni inategemea brand, size, quantity, and seller. Please specify the preferred brand or size."
Personal Care and Beauty,Soap,Sabuni,Can you recommend Soap?,Yes. Please tell me your budget and preferred brand or size so I can recommend a suitable Soap.
Personal Care and Beauty,Soap,Sabuni,Where can I find Soap?,You can find Soap under the Personal Care and Beauty category. The agent can help compare available options.
Personal Care and Beauty,Toothpaste,Dawa ya meno,What is Toothpaste?,Toothpaste (Dawa ya meno) is available under the Personal Care and Beauty category.
Personal Care and Beauty,Toothpaste,Dawa ya meno,Do you have Toothpaste?,"Yes, Toothpaste (Dawa ya meno) can be searched in the Personal Care and Beauty category."
Personal Care and Beauty,Toothpaste,Dawa ya meno,Nahitaji Dawa ya meno.,"Ndiyo, Dawa ya meno (Toothpaste) ipo kwenye category ya Personal Care and Beauty."
Personal Care and Beauty,Toothpaste,Dawa ya meno,Bei ya Dawa ya meno ni kiasi gani?,"Bei ya Dawa ya meno inategemea brand, size, quantity, and seller. Please specify the preferred brand or size."
Personal Care and Beauty,Toothpaste,Dawa ya meno,Can you recommend Toothpaste?,Yes. Please tell me your budget and preferred brand or size so I can recommend a suitable Toothpaste.
Personal Care and Beauty,Toothpaste,Dawa ya meno,Where can I find Toothpaste?,You can find Toothpaste under the Personal Care and Beauty category. The agent can help compare available options.
Personal Care and Beauty,Toothbrush,Mswwaki,What is Toothbrush?,Toothbrush (Mswwaki) is available under the Personal Care and Beauty category.
Personal Care and Beauty,Toothbrush,Mswwaki,Do you have Toothbrush?,"Yes, Toothbrush (Mswwaki) can be searched in the Personal Care and Beauty category."
Personal Care and Beauty,Toothbrush,Mswwaki,Nahitaji Mswwaki.,"Ndiyo, Mswwaki (Toothbrush) ipo kwenye category ya Personal Care and Beauty."
Personal Care and Beauty,Toothbrush,Mswwaki,Bei ya Mswwaki ni kiasi gani?,"Bei ya Mswwaki inategemea brand, size, quantity, and seller. Please specify the preferred brand or size."
Personal Care and Beauty,Toothbrush,Mswwaki,Can you recommend Toothbrush?,Yes. Please tell me your budget and preferred brand or size so I can recommend a suitable Toothbrush.
Personal Care and Beauty,Toothbrush,Mswwaki,Where can I find Toothbrush?,You can find Toothbrush under the Personal Care and Beauty category. The agent can help compare available options.
Personal Care and Beauty,Shampoo,Shampoo,What is Shampoo?,Shampoo (Shampoo) is available under the Personal Care and Beauty category.
Personal Care and Beauty,Shampoo,Shampoo,Do you have Shampoo?,"Yes, Shampoo (Shampoo) can be searched in the Personal Care and Beauty category."
Personal Care and Beauty,Shampoo,Shampoo,Nahitaji Shampoo.,"Ndiyo, Shampoo (Shampoo) ipo kwenye category ya Personal Care and Beauty."
Personal Care and Beauty,Shampoo,Shampoo,Bei ya Shampoo ni kiasi gani?,"Bei ya Shampoo inategemea brand, size, quantity, and seller. Please specify the preferred brand or size."
Personal Care and Beauty,Shampoo,Shampoo,Can you recommend Shampoo?,Yes. Please tell me your budget and preferred brand or size so I can recommend a suitable Shampoo.
Personal Care and Beauty,Shampoo,Shampoo,Where can I find Shampoo?,You can find Shampoo under the Personal Care and Beauty category. The agent can help compare available options.
Personal Care and Beauty,Conditioner,Conditioner,What is Conditioner?,Conditioner (Conditioner) is available under the Personal Care and Beauty category.
Personal Care and Beauty,Conditioner,Conditioner,Do you have Conditioner?,"Yes, Conditioner (Conditioner) can be searched in the Personal Care and Beauty category."
Personal Care and Beauty,Conditioner,Conditioner,Nahitaji Conditioner.,"Ndiyo, Conditioner (Conditioner) ipo kwenye category ya Personal Care and Beauty."
Personal Care and Beauty,Conditioner,Conditioner,Bei ya Conditioner ni kiasi gani?,"Bei ya Conditioner inategemea brand, size, quantity, and seller. Please specify the preferred brand or size."
Personal Care and Beauty,Conditioner,Conditioner,Can you recommend Conditioner?,Yes. Please tell me your budget and preferred brand or size so I can recommend a suitable Conditioner.
Personal Care and Beauty,Conditioner,Conditioner,Where can I find Conditioner?,You can find Conditioner under the Personal Care and Beauty category. The agent can help compare available options.
Personal Care and Beauty,Hair oil,Mafuta ya nywele,What is Hair oil?,Hair oil (Mafuta ya nywele) is available under the Personal Care and Beauty category.
Personal Care and Beauty,Hair oil,Mafuta ya nywele,Do you have Hair oil?,"Yes, Hair oil (Mafuta ya nywele) can be searched in the Personal Care and Beauty category."
Personal Care and Beauty,Hair oil,Mafuta ya nywele,Nahitaji Mafuta ya nywele.,"Ndiyo, Mafuta ya nywele (Hair oil) ipo kwenye category ya Personal Care and Beauty."
Personal Care and Beauty,Hair oil,Mafuta ya nywele,Bei ya Mafuta ya nywele ni kiasi gani?,"Bei ya Mafuta ya nywele inategemea brand, size, quantity, and seller. Please specify the preferred brand or size."
Personal Care and Beauty,Hair oil,Mafuta ya nywele,Can you recommend Hair oil?,Yes. Please tell me your budget and preferred brand or size so I can recommend a suitable Hair oil.
Personal Care and Beauty,Hair oil,Mafuta ya nywele,Where can I find Hair oil?,You can find Hair oil under the Personal Care and Beauty category. The agent can help compare available options.
Personal Care and Beauty,Hair food,Hair food,What is Hair food?,Hair food (Hair food) is available under the Personal Care and Beauty category.
Personal Care and Beauty,Hair food,Hair food,Do you have Hair food?,"Yes, Hair food (Hair food) can be searched in the Personal Care and Beauty category."
Personal Care and Beauty,Hair food,Hair food,Nahitaji Hair food.,"Ndiyo, Hair food (Hair food) ipo kwenye category ya Personal Care and Beauty."
Personal Care and Beauty,Hair food,Hair food,Bei ya Hair food ni kiasi gani?,"Bei ya Hair food inategemea brand, size, quantity, and seller. Please specify the preferred brand or size."
Personal Care and Beauty,Hair food,Hair food,Can you recommend Hair food?,Yes. Please tell me your budget and preferred brand or size so I can recommend a suitable Hair food.
Personal Care and Beauty,Hair food,Hair food,Where can I find Hair food?,You can find Hair food under the Personal Care and Beauty category. The agent can help compare available options.
Personal Care and Beauty,Hair extensions,Nywele za bandia,What is Hair extensions?,Hair extensions (Nywele za bandia) is available under the Personal Care and Beauty category.
Personal Care and Beauty,Hair extensions,Nywele za bandia,Do you have Hair extensions?,"Yes, Hair extensions (Nywele za bandia) can be searched in the Personal Care and Beauty category."
Personal Care and Beauty,Hair extensions,Nywele za bandia,Nahitaji Nywele za bandia.,"Ndiyo, Nywele za bandia (Hair extensions) ipo kwenye category ya Personal Care and Beauty."
Personal Care and Beauty,Hair extensions,Nywele za bandia,Bei ya Nywele za bandia ni kiasi gani?,"Bei ya Nywele za bandia inategemea brand, size, quantity, and seller. Please specify the preferred brand or size."
Personal Care and Beauty,Hair extensions,Nywele za bandia,Can you recommend Hair extensions?,Yes. Please tell me your budget and preferred brand or size so I can recommend a suitable Hair extensions.
Personal Care and Beauty,Hair extensions,Nywele za bandia,Where can I find Hair extensions?,You can find Hair extensions under the Personal Care and Beauty category. The agent can help compare available options.
Personal Care and Beauty,Wigs,Wigi,What is Wigs?,Wigs (Wigi) is available under the Personal Care and Beauty category.
Personal Care and Beauty,Wigs,Wigi,Do you have Wigs?,"Yes, Wigs (Wigi) can be searched in the Personal Care and Beauty category."
Personal Care and Beauty,Wigs,Wigi,Nahitaji Wigi.,"Ndiyo, Wigi (Wigs) ipo kwenye category ya Personal Care and Beauty."
Personal Care and Beauty,Wigs,Wigi,Bei ya Wigi ni kiasi gani?,"Bei ya Wigi inategemea brand, size, quantity, and seller. Please specify the preferred brand or size."
Personal Care and Beauty,Wigs,Wigi,Can you recommend Wigs?,Yes. Please tell me your budget and preferred brand or size so I can recommend a suitable Wigs.
Personal Care and Beauty,Wigs,Wigi,Where can I find Wigs?,You can find Wigs under the Personal Care and Beauty category. The agent can help compare available options.
Personal Care and Beauty,Makeup,Vipodozi,What is Makeup?,Makeup (Vipodozi) is available under the Personal Care and Beauty category.
Personal Care and Beauty,Makeup,Vipodozi,Do you have Makeup?,"Yes, Makeup (Vipodozi) can be searched in the Personal Care and Beauty category."
Personal Care and Beauty,Makeup,Vipodozi,Nahitaji Vipodozi.,"Ndiyo, Vipodozi (Makeup) ipo kwenye category ya Personal Care and Beauty."
Personal Care and Beauty,Makeup,Vipodozi,Bei ya Vipodozi ni kiasi gani?,"Bei ya Vipodozi inategemea brand, size, quantity, and seller. Please specify the preferred brand or size."
Personal Care and Beauty,Makeup,Vipodozi,Can you recommend Makeup?,Yes. Please tell me your budget and preferred brand or size so I can recommend a suitable Makeup.
Personal Care and Beauty,Makeup,Vipodozi,Where can I find Makeup?,You can find Makeup under the Personal Care and Beauty category. The agent can help compare available options.
Personal Care and Beauty,Foundation,Foundation,What is Foundation?,Foundation (Foundation) is available under the Personal Care and Beauty category.
Personal Care and Beauty,Foundation,Foundation,Do you have Foundation?,"Yes, Foundation (Foundation) can be searched in the Personal Care and Beauty category."
Personal Care and Beauty,Foundation,Foundation,Nahitaji Foundation.,"Ndiyo, Foundation (Foundation) ipo kwenye category ya Personal Care and Beauty."
Personal Care and Beauty,Foundation,Foundation,Bei ya Foundation ni kiasi gani?,"Bei ya Foundation inategemea brand, size, quantity, and seller. Please specify the preferred brand or size."
Personal Care and Beauty,Foundation,Foundation,Can you recommend Foundation?,Yes. Please tell me your budget and preferred brand or size so I can recommend a suitable Foundation.
Personal Care and Beauty,Foundation,Foundation,Where can I find Foundation?,You can find Foundation under the Personal Care and Beauty category. The agent can help compare available options.
Personal Care and Beauty,Lipstick,Lipstick,What is Lipstick?,Lipstick (Lipstick) is available under the Personal Care and Beauty category.
Personal Care and Beauty,Lipstick,Lipstick,Do you have Lipstick?,"Yes, Lipstick (Lipstick) can be searched in the Personal Care and Beauty category."
Personal Care and Beauty,Lipstick,Lipstick,Nahitaji Lipstick.,"Ndiyo, Lipstick (Lipstick) ipo kwenye category ya Personal Care and Beauty."
Personal Care and Beauty,Lipstick,Lipstick,Bei ya Lipstick ni kiasi gani?,"Bei ya Lipstick inategemea brand, size, quantity, and seller. Please specify the preferred brand or size."
Personal Care and Beauty,Lipstick,Lipstick,Can you recommend Lipstick?,Yes. Please tell me your budget and preferred brand or size so I can recommend a suitable Lipstick.
Personal Care and Beauty,Lipstick,Lipstick,Where can I find Lipstick?,You can find Lipstick under the Personal Care and Beauty category. The agent can help compare available options.
Personal Care and Beauty,Nail polish,Rangi ya kucha,What is Nail polish?,Nail polish (Rangi ya kucha) is available under the Personal Care and Beauty category.
Personal Care and Beauty,Nail polish,Rangi ya kucha,Do you have Nail polish?,"Yes, Nail polish (Rangi ya kucha) can be searched in the Personal Care and Beauty category."
Personal Care and Beauty,Nail polish,Rangi ya kucha,Nahitaji Rangi ya kucha.,"Ndiyo, Rangi ya kucha (Nail polish) ipo kwenye category ya Personal Care and Beauty."
Personal Care and Beauty,Nail polish,Rangi ya kucha,Bei ya Rangi ya kucha ni kiasi gani?,"Bei ya Rangi ya kucha inategemea brand, size, quantity, and seller. Please specify the preferred brand or size."
Personal Care and Beauty,Nail polish,Rangi ya kucha,Can you recommend Nail polish?,Yes. Please tell me your budget and preferred brand or size so I can recommend a suitable Nail polish.
Personal Care and Beauty,Nail polish,Rangi ya kucha,Where can I find Nail polish?,You can find Nail polish under the Personal Care and Beauty category. The agent can help compare available options.
Personal Care and Beauty,Sanitary pads,Pedi,What is Sanitary pads?,Sanitary pads (Pedi) is available under the Personal Care and Beauty category.
Personal Care and Beauty,Sanitary pads,Pedi,Do you have Sanitary pads?,"Yes, Sanitary pads (Pedi) can be searched in the Personal Care and Beauty category."
Personal Care and Beauty,Sanitary pads,Pedi,Nahitaji Pedi.,"Ndiyo, Pedi (Sanitary pads) ipo kwenye category ya Personal Care and Beauty."
Personal Care and Beauty,Sanitary pads,Pedi,Bei ya Pedi ni kiasi gani?,"Bei ya Pedi inategemea brand, size, quantity, and seller. Please specify the preferred brand or size."
Personal Care and Beauty,Sanitary pads,Pedi,Can you recommend Sanitary pads?,Yes. Please tell me your budget and preferred brand or size so I can recommend a suitable Sanitary pads.
Personal Care and Beauty,Sanitary pads,Pedi,Where can I find Sanitary pads?,You can find Sanitary pads under the Personal Care and Beauty category. The agent can help compare available options.
Personal Care and Beauty,Baby diapers,Diapers za watoto,What is Baby diapers?,Baby diapers (Diapers za watoto) is available under the Personal Care and Beauty category.
Personal Care and Beauty,Baby diapers,Diapers za watoto,Do you have Baby diapers?,"Yes, Baby diapers (Diapers za watoto) can be searched in the Personal Care and Beauty category."
Personal Care and Beauty,Baby diapers,Diapers za watoto,Nahitaji Diapers za watoto.,"Ndiyo, Diapers za watoto (Baby diapers) ipo kwenye category ya Personal Care and Beauty."
Personal Care and Beauty,Baby diapers,Diapers za watoto,Bei ya Diapers za watoto ni kiasi gani?,"Bei ya Diapers za watoto inategemea brand, size, quantity, and seller. Please specify the preferred brand or size."
Personal Care and Beauty,Baby diapers,Diapers za watoto,Can you recommend Baby diapers?,Yes. Please tell me your budget and preferred brand or size so I can recommend a suitable Baby diapers.
Personal Care and Beauty,Baby diapers,Diapers za watoto,Where can I find Baby diapers?,You can find Baby diapers under the Personal Care and Beauty category. The agent can help compare available options.
Household Products,Laundry detergent,Sabuni ya kufulia,What is Laundry detergent?,Laundry detergent (Sabuni ya kufulia) is available under the Household Products category.
Household Products,Laundry detergent,Sabuni ya kufulia,Do you have Laundry detergent?,"Yes, Laundry detergent (Sabuni ya kufulia) can be searched in the Household Products category."
Household Products,Laundry detergent,Sabuni ya kufulia,Nahitaji Sabuni ya kufulia.,"Ndiyo, Sabuni ya kufulia (Laundry detergent) ipo kwenye category ya Household Products."
Household Products,Laundry detergent,Sabuni ya kufulia,Bei ya Sabuni ya kufulia ni kiasi gani?,"Bei ya Sabuni ya kufulia inategemea brand, size, quantity, and seller. Please specify the preferred brand or size."
Household Products,Laundry detergent,Sabuni ya kufulia,Can you recommend Laundry detergent?,Yes. Please tell me your budget and preferred brand or size so I can recommend a suitable Laundry detergent.
Household Products,Laundry detergent,Sabuni ya kufulia,Where can I find Laundry detergent?,You can find Laundry detergent under the Household Products category. The agent can help compare available options.
Household Products,Bar soap,Sabuni ya kipande,What is Bar soap?,Bar soap (Sabuni ya kipande) is available under the Household Products category.
Household Products,Bar soap,Sabuni ya kipande,Do you have Bar soap?,"Yes, Bar soap (Sabuni ya kipande) can be searched in the Household Products category."
Household Products,Bar soap,Sabuni ya kipande,Nahitaji Sabuni ya kipande.,"Ndiyo, Sabuni ya kipande (Bar soap) ipo kwenye category ya Household Products."
Household Products,Bar soap,Sabuni ya kipande,Bei ya Sabuni ya kipande ni kiasi gani?,"Bei ya Sabuni ya kipande inategemea brand, size, quantity, and seller. Please specify the preferred brand or size."
Household Products,Bar soap,Sabuni ya kipande,Can you recommend Bar soap?,Yes. Please tell me your budget and preferred brand or size so I can recommend a suitable Bar soap.
Household Products,Bar soap,Sabuni ya kipande,Where can I find Bar soap?,You can find Bar soap under the Household Products category. The agent can help compare available options.
Household Products,Dishwashing liquid,Sabuni ya vyombo,What is Dishwashing liquid?,Dishwashing liquid (Sabuni ya vyombo) is available under the Household Products category.
Household Products,Dishwashing liquid,Sabuni ya vyombo,Do you have Dishwashing liquid?,"Yes, Dishwashing liquid (Sabuni ya vyombo) can be searched in the Household Products category."
Household Products,Dishwashing liquid,Sabuni ya vyombo,Nahitaji Sabuni ya vyombo.,"Ndiyo, Sabuni ya vyombo (Dishwashing liquid) ipo kwenye category ya Household Products."
Household Products,Dishwashing liquid,Sabuni ya vyombo,Bei ya Sabuni ya vyombo ni kiasi gani?,"Bei ya Sabuni ya vyombo inategemea brand, size, quantity, and seller. Please specify the preferred brand or size."
Household Products,Dishwashing liquid,Sabuni ya vyombo,Can you recommend Dishwashing liquid?,Yes. Please tell me your budget and preferred brand or size so I can recommend a suitable Dishwashing liquid.
Household Products,Dishwashing liquid,Sabuni ya vyombo,Where can I find Dishwashing liquid?,You can find Dishwashing liquid under the Household Products category. The agent can help compare available options.
Household Products,Bleach,Bleach,What is Bleach?,Bleach (Bleach) is available under the Household Products category.
Household Products,Bleach,Bleach,Do you have Bleach?,"Yes, Bleach (Bleach) can be searched in the Household Products category."
Household Products,Bleach,Bleach,Nahitaji Bleach.,"Ndiyo, Bleach (Bleach) ipo kwenye category ya Household Products."
Household Products,Bleach,Bleach,Bei ya Bleach ni kiasi gani?,"Bei ya Bleach inategemea brand, size, quantity, and seller. Please specify the preferred brand or size."
Household Products,Bleach,Bleach,Can you recommend Bleach?,Yes. Please tell me your budget and preferred brand or size so I can recommend a suitable Bleach.
Household Products,Bleach,Bleach,Where can I find Bleach?,You can find Bleach under the Household Products category. The agent can help compare available options.
Household Products,Disinfectant,Dawa ya kuua vijidudu,What is Disinfectant?,Disinfectant (Dawa ya kuua vijidudu) is available under the Household Products category.
Household Products,Disinfectant,Dawa ya kuua vijidudu,Do you have Disinfectant?,"Yes, Disinfectant (Dawa ya kuua vijidudu) can be searched in the Household Products category."
Household Products,Disinfectant,Dawa ya kuua vijidudu,Nahitaji Dawa ya kuua vijidudu.,"Ndiyo, Dawa ya kuua vijidudu (Disinfectant) ipo kwenye category ya Household Products."
Household Products,Disinfectant,Dawa ya kuua vijidudu,Bei ya Dawa ya kuua vijidudu ni kiasi gani?,"Bei ya Dawa ya kuua vijidudu inategemea brand, size, quantity, and seller. Please specify the preferred brand or size."
Household Products,Disinfectant,Dawa ya kuua vijidudu,Can you recommend Disinfectant?,Yes. Please tell me your budget and preferred brand or size so I can recommend a suitable Disinfectant.
Household Products,Disinfectant,Dawa ya kuua vijidudu,Where can I find Disinfectant?,You can find Disinfectant under the Household Products category. The agent can help compare available options.
Household Products,Toilet cleaner,Sabuni ya choo,What is Toilet cleaner?,Toilet cleaner (Sabuni ya choo) is available under the Household Products category.
Household Products,Toilet cleaner,Sabuni ya choo,Do you have Toilet cleaner?,"Yes, Toilet cleaner (Sabuni ya choo) can be searched in the Household Products category."
Household Products,Toilet cleaner,Sabuni ya choo,Nahitaji Sabuni ya choo.,"Ndiyo, Sabuni ya choo (Toilet cleaner) ipo kwenye category ya Household Products."
Household Products,Toilet cleaner,Sabuni ya choo,Bei ya Sabuni ya choo ni kiasi gani?,"Bei ya Sabuni ya choo inategemea brand, size, quantity, and seller. Please specify the preferred brand or size."
Household Products,Toilet cleaner,Sabuni ya choo,Can you recommend Toilet cleaner?,Yes. Please tell me your budget and preferred brand or size so I can recommend a suitable Toilet cleaner.
Household Products,Toilet cleaner,Sabuni ya choo,Where can I find Toilet cleaner?,You can find Toilet cleaner under the Household Products category. The agent can help compare available options.
Household Products,Air freshener,Manukato ya chumbani,What is Air freshener?,Air freshener (Manukato ya chumbani) is available under the Household Products category.
Household Products,Air freshener,Manukato ya chumbani,Do you have Air freshener?,"Yes, Air freshener (Manukato ya chumbani) can be searched in the Household Products category."
Household Products,Air freshener,Manukato ya chumbani,Nahitaji Manukato ya chumbani.,"Ndiyo, Manukato ya chumbani (Air freshener) ipo kwenye category ya Household Products."
Household Products,Air freshener,Manukato ya chumbani,Bei ya Manukato ya chumbani ni kiasi gani?,"Bei ya Manukato ya chumbani inategemea brand, size, quantity, and seller. Please specify the preferred brand or size."
Household Products,Air freshener,Manukato ya chumbani,Can you recommend Air freshener?,Yes. Please tell me your budget and preferred brand or size so I can recommend a suitable Air freshener.
Household Products,Air freshener,Manukato ya chumbani,Where can I find Air freshener?,You can find Air freshener under the Household Products category. The agent can help compare available options.
Household Products,Tissue paper,Tissue,What is Tissue paper?,Tissue paper (Tissue) is available under the Household Products category.
Household Products,Tissue paper,Tissue,Do you have Tissue paper?,"Yes, Tissue paper (Tissue) can be searched in the Household Products category."
Household Products,Tissue paper,Tissue,Nahitaji Tissue.,"Ndiyo, Tissue (Tissue paper) ipo kwenye category ya Household Products."
Household Products,Tissue paper,Tissue,Bei ya Tissue ni kiasi gani?,"Bei ya Tissue inategemea brand, size, quantity, and seller. Please specify the preferred brand or size."
Household Products,Tissue paper,Tissue,Can you recommend Tissue paper?,Yes. Please tell me your budget and preferred brand or size so I can recommend a suitable Tissue paper.
Household Products,Tissue paper,Tissue,Where can I find Tissue paper?,You can find Tissue paper under the Household Products category. The agent can help compare available options.
Household Products,Toilet paper,Karatasi ya chooni,What is Toilet paper?,Toilet paper (Karatasi ya chooni) is available under the Household Products category.
Household Products,Toilet paper,Karatasi ya chooni,Do you have Toilet paper?,"Yes, Toilet paper (Karatasi ya chooni) can be searched in the Household Products category."
Household Products,Toilet paper,Karatasi ya chooni,Nahitaji Karatasi ya chooni.,"Ndiyo, Karatasi ya chooni (Toilet paper) ipo kwenye category ya Household Products."
Household Products,Toilet paper,Karatasi ya chooni,Bei ya Karatasi ya chooni ni kiasi gani?,"Bei ya Karatasi ya chooni inategemea brand, size, quantity, and seller. Please specify the preferred brand or size."
Household Products,Toilet paper,Karatasi ya chooni,Can you recommend Toilet paper?,Yes. Please tell me your budget and preferred brand or size so I can recommend a suitable Toilet paper.
Household Products,Toilet paper,Karatasi ya chooni,Where can I find Toilet paper?,You can find Toilet paper under the Household Products category. The agent can help compare available options.
Household Products,Buckets,Ndoo,What is Buckets?,Buckets (Ndoo) is available under the Household Products category.
Household Products,Buckets,Ndoo,Do you have Buckets?,"Yes, Buckets (Ndoo) can be searched in the Household Products category."
Household Products,Buckets,Ndoo,Nahitaji Ndoo.,"Ndiyo, Ndoo (Buckets) ipo kwenye category ya Household Products."
Household Products,Buckets,Ndoo,Bei ya Ndoo ni kiasi gani?,"Bei ya Ndoo inategemea brand, size, quantity, and seller. Please specify the preferred brand or size."
Household Products,Buckets,Ndoo,Can you recommend Buckets?,Yes. Please tell me your budget and preferred brand or size so I can recommend a suitable Buckets.
Household Products,Buckets,Ndoo,Where can I find Buckets?,You can find Buckets under the Household Products category. The agent can help compare available options.
Household Products,Brooms,Ufagio,What is Brooms?,Brooms (Ufagio) is available under the Household Products category.
Household Products,Brooms,Ufagio,Do you have Brooms?,"Yes, Brooms (Ufagio) can be searched in the Household Products category."
Household Products,Brooms,Ufagio,Nahitaji Ufagio.,"Ndiyo, Ufagio (Brooms) ipo kwenye category ya Household Products."
Household Products,Brooms,Ufagio,Bei ya Ufagio ni kiasi gani?,"Bei ya Ufagio inategemea brand, size, quantity, and seller. Please specify the preferred brand or size."
Household Products,Brooms,Ufagio,Can you recommend Brooms?,Yes. Please tell me your budget and preferred brand or size so I can recommend a suitable Brooms.
Household Products,Brooms,Ufagio,Where can I find Brooms?,You can find Brooms under the Household Products category. The agent can help compare available options.
Household Products,Mops,Mop,What is Mops?,Mops (Mop) is available under the Household Products category.
Household Products,Mops,Mop,Do you have Mops?,"Yes, Mops (Mop) can be searched in the Household Products category."
Household Products,Mops,Mop,Nahitaji Mop.,"Ndiyo, Mop (Mops) ipo kwenye category ya Household Products."
Household Products,Mops,Mop,Bei ya Mop ni kiasi gani?,"Bei ya Mop inategemea brand, size, quantity, and seller. Please specify the preferred brand or size."
Household Products,Mops,Mop,Can you recommend Mops?,Yes. Please tell me your budget and preferred brand or size so I can recommend a suitable Mops.
Household Products,Mops,Mop,Where can I find Mops?,You can find Mops under the Household Products category. The agent can help compare available options.
Household Products,Dustbins,Pipa la taka,What is Dustbins?,Dustbins (Pipa la taka) is available under the Household Products category.
Household Products,Dustbins,Pipa la taka,Do you have Dustbins?,"Yes, Dustbins (Pipa la taka) can be searched in the Household Products category."
Household Products,Dustbins,Pipa la taka,Nahitaji Pipa la taka.,"Ndiyo, Pipa la taka (Dustbins) ipo kwenye category ya Household Products."
Household Products,Dustbins,Pipa la taka,Bei ya Pipa la taka ni kiasi gani?,"Bei ya Pipa la taka inategemea brand, size, quantity, and seller. Please specify the preferred brand or size."
Household Products,Dustbins,Pipa la taka,Can you recommend Dustbins?,Yes. Please tell me your budget and preferred brand or size so I can recommend a suitable Dustbins.
Household Products,Dustbins,Pipa la taka,Where can I find Dustbins?,You can find Dustbins under the Household Products category. The agent can help compare available options.
Household Products,Plastic containers,Vyombo vya plastiki,What is Plastic containers?,Plastic containers (Vyombo vya plastiki) is available under the Household Products category.
Household Products,Plastic containers,Vyombo vya plastiki,Do you have Plastic containers?,"Yes, Plastic containers (Vyombo vya plastiki) can be searched in the Household Products category."
Household Products,Plastic containers,Vyombo vya plastiki,Nahitaji Vyombo vya plastiki.,"Ndiyo, Vyombo vya plastiki (Plastic containers) ipo kwenye category ya Household Products."
Household Products,Plastic containers,Vyombo vya plastiki,Bei ya Vyombo vya plastiki ni kiasi gani?,"Bei ya Vyombo vya plastiki inategemea brand, size, quantity, and seller. Please specify the preferred brand or size."
Household Products,Plastic containers,Vyombo vya plastiki,Can you recommend Plastic containers?,Yes. Please tell me your budget and preferred brand or size so I can recommend a suitable Plastic containers.
Household Products,Plastic containers,Vyombo vya plastiki,Where can I find Plastic containers?,You can find Plastic containers under the Household Products category. The agent can help compare available options.
Household Products,Food storage containers,Vyombo vya kuhifadhia chakula,What is Food storage containers?,Food storage containers (Vyombo vya kuhifadhia chakula) is available under the Household Products category.
Household Products,Food storage containers,Vyombo vya kuhifadhia chakula,Do you have Food storage containers?,"Yes, Food storage containers (Vyombo vya kuhifadhia chakula) can be searched in the Household Products category."
Household Products,Food storage containers,Vyombo vya kuhifadhia chakula,Nahitaji Vyombo vya kuhifadhia chakula.,"Ndiyo, Vyombo vya kuhifadhia chakula (Food storage containers) ipo kwenye category ya Household Products."
Household Products,Food storage containers,Vyombo vya kuhifadhia chakula,Bei ya Vyombo vya kuhifadhia chakula ni kiasi gani?,"Bei ya Vyombo vya kuhifadhia chakula inategemea brand, size, quantity, and seller. Please specify the preferred brand or size."
Household Products,Food storage containers,Vyombo vya kuhifadhia chakula,Can you recommend Food storage containers?,Yes. Please tell me your budget and preferred brand or size so I can recommend a suitable Food storage containers.
Household Products,Food storage containers,Vyombo vya kuhifadhia chakula,Where can I find Food storage containers?,You can find Food storage containers under the Household Products category. The agent can help compare available options.
Household Products,Mosquito nets,Vyandarua,What is Mosquito nets?,Mosquito nets (Vyandarua) is available under the Household Products category.
Household Products,Mosquito nets,Vyandarua,Do you have Mosquito nets?,"Yes, Mosquito nets (Vyandarua) can be searched in the Household Products category."
Household Products,Mosquito nets,Vyandarua,Nahitaji Vyandarua.,"Ndiyo, Vyandarua (Mosquito nets) ipo kwenye category ya Household Products."
Household Products,Mosquito nets,Vyandarua,Bei ya Vyandarua ni kiasi gani?,"Bei ya Vyandarua inategemea brand, size, quantity, and seller. Please specify the preferred brand or size."
Household Products,Mosquito nets,Vyandarua,Can you recommend Mosquito nets?,Yes. Please tell me your budget and preferred brand or size so I can recommend a suitable Mosquito nets.
Household Products,Mosquito nets,Vyandarua,Where can I find Mosquito nets?,You can find Mosquito nets under the Household Products category. The agent can help compare available options.
Household Products,Insecticides,Dawa za kuua wadudu,What is Insecticides?,Insecticides (Dawa za kuua wadudu) is available under the Household Products category.
Household Products,Insecticides,Dawa za kuua wadudu,Do you have Insecticides?,"Yes, Insecticides (Dawa za kuua wadudu) can be searched in the Household Products category."
Household Products,Insecticides,Dawa za kuua wadudu,Nahitaji Dawa za kuua wadudu.,"Ndiyo, Dawa za kuua wadudu (Insecticides) ipo kwenye category ya Household Products."
Household Products,Insecticides,Dawa za kuua wadudu,Bei ya Dawa za kuua wadudu ni kiasi gani?,"Bei ya Dawa za kuua wadudu inategemea brand, size, quantity, and seller. Please specify the preferred brand or size."
Household Products,Insecticides,Dawa za kuua wadudu,Can you recommend Insecticides?,Yes. Please tell me your budget and preferred brand or size so I can recommend a suitable Insecticides.
Household Products,Insecticides,Dawa za kuua wadudu,Where can I find Insecticides?,You can find Insecticides under the Household Products category. The agent can help compare available options.
Phones and Electronics,Smartphones,Simu janja,What is Smartphones?,Smartphones (Simu janja) is available under the Phones and Electronics category.
Phones and Electronics,Smartphones,Simu janja,Do you have Smartphones?,"Yes, Smartphones (Simu janja) can be searched in the Phones and Electronics category."
Phones and Electronics,Smartphones,Simu janja,Nahitaji Simu janja.,"Ndiyo, Simu janja (Smartphones) ipo kwenye category ya Phones and Electronics."
Phones and Electronics,Smartphones,Simu janja,Bei ya Simu janja ni kiasi gani?,"Bei ya Simu janja inategemea brand, size, quantity, and seller. Please specify the preferred brand or size."
Phones and Electronics,Smartphones,Simu janja,Can you recommend Smartphones?,Yes. Please tell me your budget and preferred brand or size so I can recommend a suitable Smartphones.
Phones and Electronics,Smartphones,Simu janja,Where can I find Smartphones?,You can find Smartphones under the Phones and Electronics category. The agent can help compare available options.
Phones and Electronics,Feature phones,Simu za kawaida,What is Feature phones?,Feature phones (Simu za kawaida) is available under the Phones and Electronics category.
Phones and Electronics,Feature phones,Simu za kawaida,Do you have Feature phones?,"Yes, Feature phones (Simu za kawaida) can be searched in the Phones and Electronics category."
Phones and Electronics,Feature phones,Simu za kawaida,Nahitaji Simu za kawaida.,"Ndiyo, Simu za kawaida (Feature phones) ipo kwenye category ya Phones and Electronics."
Phones and Electronics,Feature phones,Simu za kawaida,Bei ya Simu za kawaida ni kiasi gani?,"Bei ya Simu za kawaida inategemea brand, size, quantity, and seller. Please specify the preferred brand or size."
Phones and Electronics,Feature phones,Simu za kawaida,Can you recommend Feature phones?,Yes. Please tell me your budget and preferred brand or size so I can recommend a suitable Feature phones.
Phones and Electronics,Feature phones,Simu za kawaida,Where can I find Feature phones?,You can find Feature phones under the Phones and Electronics category. The agent can help compare available options.
Phones and Electronics,Phone chargers,Chaja za simu,What is Phone chargers?,Phone chargers (Chaja za simu) is available under the Phones and Electronics category.
Phones and Electronics,Phone chargers,Chaja za simu,Do you have Phone chargers?,"Yes, Phone chargers (Chaja za simu) can be searched in the Phones and Electronics category."
Phones and Electronics,Phone chargers,Chaja za simu,Nahitaji Chaja za simu.,"Ndiyo, Chaja za simu (Phone chargers) ipo kwenye category ya Phones and Electronics."
Phones and Electronics,Phone chargers,Chaja za simu,Bei ya Chaja za simu ni kiasi gani?,"Bei ya Chaja za simu inategemea brand, size, quantity, and seller. Please specify the preferred brand or size."
Phones and Electronics,Phone chargers,Chaja za simu,Can you recommend Phone chargers?,Yes. Please tell me your budget and preferred brand or size so I can recommend a suitable Phone chargers.
Phones and Electronics,Phone chargers,Chaja za simu,Where can I find Phone chargers?,You can find Phone chargers under the Phones and Electronics category. The agent can help compare available options.
Phones and Electronics,USB cables,Kebo za USB,What is USB cables?,USB cables (Kebo za USB) is available under the Phones and Electronics category.
Phones and Electronics,USB cables,Kebo za USB,Do you have USB cables?,"Yes, USB cables (Kebo za USB) can be searched in the Phones and Electronics category."
Phones and Electronics,USB cables,Kebo za USB,Nahitaji Kebo za USB.,"Ndiyo, Kebo za USB (USB cables) ipo kwenye category ya Phones and Electronics."
Phones and Electronics,USB cables,Kebo za USB,Bei ya Kebo za USB ni kiasi gani?,"Bei ya Kebo za USB inategemea brand, size, quantity, and seller. Please specify the preferred brand or size."
Phones and Electronics,USB cables,Kebo za USB,Can you recommend USB cables?,Yes. Please tell me your budget and preferred brand or size so I can recommend a suitable USB cables.
Phones and Electronics,USB cables,Kebo za USB,Where can I find USB cables?,You can find USB cables under the Phones and Electronics category. The agent can help compare available options.
Phones and Electronics,Power banks,Power bank,What is Power banks?,Power banks (Power bank) is available under the Phones and Electronics category.
Phones and Electronics,Power banks,Power bank,Do you have Power banks?,"Yes, Power banks (Power bank) can be searched in the Phones and Electronics category."
Phones and Electronics,Power banks,Power bank,Nahitaji Power bank.,"Ndiyo, Power bank (Power banks) ipo kwenye category ya Phones and Electronics."
Phones and Electronics,Power banks,Power bank,Bei ya Power bank ni kiasi gani?,"Bei ya Power bank inategemea brand, size, quantity, and seller. Please specify the preferred brand or size."
Phones and Electronics,Power banks,Power bank,Can you recommend Power banks?,Yes. Please tell me your budget and preferred brand or size so I can recommend a suitable Power banks.
Phones and Electronics,Power banks,Power bank,Where can I find Power banks?,You can find Power banks under the Phones and Electronics category. The agent can help compare available options.
Phones and Electronics,Earphones,Earphones,What is Earphones?,Earphones (Earphones) is available under the Phones and Electronics category.
Phones and Electronics,Earphones,Earphones,Do you have Earphones?,"Yes, Earphones (Earphones) can be searched in the Phones and Electronics category."
Phones and Electronics,Earphones,Earphones,Nahitaji Earphones.,"Ndiyo, Earphones (Earphones) ipo kwenye category ya Phones and Electronics."
Phones and Electronics,Earphones,Earphones,Bei ya Earphones ni kiasi gani?,"Bei ya Earphones inategemea brand, size, quantity, and seller. Please specify the preferred brand or size."
Phones and Electronics,Earphones,Earphones,Can you recommend Earphones?,Yes. Please tell me your budget and preferred brand or size so I can recommend a suitable Earphones.
Phones and Electronics,Earphones,Earphones,Where can I find Earphones?,You can find Earphones under the Phones and Electronics category. The agent can help compare available options.
Phones and Electronics,Bluetooth speakers,Spika za Bluetooth,What is Bluetooth speakers?,Bluetooth speakers (Spika za Bluetooth) is available under the Phones and Electronics category.
Phones and Electronics,Bluetooth speakers,Spika za Bluetooth,Do you have Bluetooth speakers?,"Yes, Bluetooth speakers (Spika za Bluetooth) can be searched in the Phones and Electronics category."
Phones and Electronics,Bluetooth speakers,Spika za Bluetooth,Nahitaji Spika za Bluetooth.,"Ndiyo, Spika za Bluetooth (Bluetooth speakers) ipo kwenye category ya Phones and Electronics."
Phones and Electronics,Bluetooth speakers,Spika za Bluetooth,Bei ya Spika za Bluetooth ni kiasi gani?,"Bei ya Spika za Bluetooth inategemea brand, size, quantity, and seller. Please specify the preferred brand or size."
Phones and Electronics,Bluetooth speakers,Spika za Bluetooth,Can you recommend Bluetooth speakers?,Yes. Please tell me your budget and preferred brand or size so I can recommend a suitable Bluetooth speakers.
Phones and Electronics,Bluetooth speakers,Spika za Bluetooth,Where can I find Bluetooth speakers?,You can find Bluetooth speakers under the Phones and Electronics category. The agent can help compare available options.
Phones and Electronics,Smart watches,Saa janja,What is Smart watches?,Smart watches (Saa janja) is available under the Phones and Electronics category.
Phones and Electronics,Smart watches,Saa janja,Do you have Smart watches?,"Yes, Smart watches (Saa janja) can be searched in the Phones and Electronics category."
Phones and Electronics,Smart watches,Saa janja,Nahitaji Saa janja.,"Ndiyo, Saa janja (Smart watches) ipo kwenye category ya Phones and Electronics."
Phones and Electronics,Smart watches,Saa janja,Bei ya Saa janja ni kiasi gani?,"Bei ya Saa janja inategemea brand, size, quantity, and seller. Please specify the preferred brand or size."
Phones and Electronics,Smart watches,Saa janja,Can you recommend Smart watches?,Yes. Please tell me your budget and preferred brand or size so I can recommend a suitable Smart watches.
Phones and Electronics,Smart watches,Saa janja,Where can I find Smart watches?,You can find Smart watches under the Phones and Electronics category. The agent can help compare available options.
Phones and Electronics,Phone covers,Cover za simu,What is Phone covers?,Phone covers (Cover za simu) is available under the Phones and Electronics category.
Phones and Electronics,Phone covers,Cover za simu,Do you have Phone covers?,"Yes, Phone covers (Cover za simu) can be searched in the Phones and Electronics category."
Phones and Electronics,Phone covers,Cover za simu,Nahitaji Cover za simu.,"Ndiyo, Cover za simu (Phone covers) ipo kwenye category ya Phones and Electronics."
Phones and Electronics,Phone covers,Cover za simu,Bei ya Cover za simu ni kiasi gani?,"Bei ya Cover za simu inategemea brand, size, quantity, and seller. Please specify the preferred brand or size."
Phones and Electronics,Phone covers,Cover za simu,Can you recommend Phone covers?,Yes. Please tell me your budget and preferred brand or size so I can recommend a suitable Phone covers.
Phones and Electronics,Phone covers,Cover za simu,Where can I find Phone covers?,You can find Phone covers under the Phones and Electronics category. The agent can help compare available options.
Phones and Electronics,Screen protectors,King'a za skrini,What is Screen protectors?,Screen protectors (King'a za skrini) is available under the Phones and Electronics category.
Phones and Electronics,Screen protectors,King'a za skrini,Do you have Screen protectors?,"Yes, Screen protectors (King'a za skrini) can be searched in the Phones and Electronics category."
Phones and Electronics,Screen protectors,King'a za skrini,Nahitaji King'a za skrini.,"Ndiyo, King'a za skrini (Screen protectors) ipo kwenye category ya Phones and Electronics."
Phones and Electronics,Screen protectors,King'a za skrini,Bei ya King'a za skrini ni kiasi gani?,"Bei ya King'a za skrini inategemea brand, size, quantity, and seller. Please specify the preferred brand or size."
Phones and Electronics,Screen protectors,King'a za skrini,Can you recommend Screen protectors?,Yes. Please tell me your budget and preferred brand or size so I can recommend a suitable Screen protectors.
Phones and Electronics,Screen protectors,King'a za skrini,Where can I find Screen protectors?,You can find Screen protectors under the Phones and Electronics category. The agent can help compare available options.
Phones and Electronics,Laptops,Laptop,What is Laptops?,Laptops (Laptop) is available under the Phones and Electronics category.
Phones and Electronics,Laptops,Laptop,Do you have Laptops?,"Yes, Laptops (Laptop) can be searched in the Phones and Electronics category."
Phones and Electronics,Laptops,Laptop,Nahitaji Laptop.,"Ndiyo, Laptop (Laptops) ipo kwenye category ya Phones and Electronics."
Phones and Electronics,Laptops,Laptop,Bei ya Laptop ni kiasi gani?,"Bei ya Laptop inategemea brand, size, quantity, and seller. Please specify the preferred brand or size."
Phones and Electronics,Laptops,Laptop,Can you recommend Laptops?,Yes. Please tell me your budget and preferred brand or size so I can recommend a suitable Laptops.
Phones and Electronics,Laptops,Laptop,Where can I find Laptops?,You can find Laptops under the Phones and Electronics category. The agent can help compare available options.
Phones and Electronics,Laptop chargers,Chaja za laptop,What is Laptop chargers?,Laptop chargers (Chaja za laptop) is available under the Phones and Electronics category.
Phones and Electronics,Laptop chargers,Chaja za laptop,Do you have Laptop chargers?,"Yes, Laptop chargers (Chaja za laptop) can be searched in the Phones and Electronics category."
Phones and Electronics,Laptop chargers,Chaja za laptop,Nahitaji Chaja za laptop.,"Ndiyo, Chaja za laptop (Laptop chargers) ipo kwenye category ya Phones and Electronics."
Phones and Electronics,Laptop chargers,Chaja za laptop,Bei ya Chaja za laptop ni kiasi gani?,"Bei ya Chaja za laptop inategemea brand, size, quantity, and seller. Please specify the preferred brand or size."
Phones and Electronics,Laptop chargers,Chaja za laptop,Can you recommend Laptop chargers?,Yes. Please tell me your budget and preferred brand or size so I can recommend a suitable Laptop chargers.
Phones and Electronics,Laptop chargers,Chaja za laptop,Where can I find Laptop chargers?,You can find Laptop chargers under the Phones and Electronics category. The agent can help compare available options.
Phones and Electronics,Computer keyboards,Keyboard,What is Computer keyboards?,Computer keyboards (Keyboard) is available under the Phones and Electronics category.
Phones and Electronics,Computer keyboards,Keyboard,Do you have Computer keyboards?,"Yes, Computer keyboards (Keyboard) can be searched in the Phones and Electronics category."
Phones and Electronics,Computer keyboards,Keyboard,Nahitaji Keyboard.,"Ndiyo, Keyboard (Computer keyboards) ipo kwenye category ya Phones and Electronics."
Phones and Electronics,Computer keyboards,Keyboard,Bei ya Keyboard ni kiasi gani?,"Bei ya Keyboard inategemea brand, size, quantity, and seller. Please specify the preferred brand or size."
Phones and Electronics,Computer keyboards,Keyboard,Can you recommend Computer keyboards?,Yes. Please tell me your budget and preferred brand or size so I can recommend a suitable Computer keyboards.
Phones and Electronics,Computer keyboards,Keyboard,Where can I find Computer keyboards?,You can find Computer keyboards under the Phones and Electronics category. The agent can help compare available options.
Phones and Electronics,Mouse,Mouse,What is Mouse?,Mouse (Mouse) is available under the Phones and Electronics category.
Phones and Electronics,Mouse,Mouse,Do you have Mouse?,"Yes, Mouse (Mouse) can be searched in the Phones and Electronics category."
Phones and Electronics,Mouse,Mouse,Nahitaji Mouse.,"Ndiyo, Mouse (Mouse) ipo kwenye category ya Phones and Electronics."
Phones and Electronics,Mouse,Mouse,Bei ya Mouse ni kiasi gani?,"Bei ya Mouse inategemea brand, size, quantity, and seller. Please specify the preferred brand or size."
Phones and Electronics,Mouse,Mouse,Can you recommend Mouse?,Yes. Please tell me your budget and preferred brand or size so I can recommend a suitable Mouse.
Phones and Electronics,Mouse,Mouse,Where can I find Mouse?,You can find Mouse under the Phones and Electronics category. The agent can help compare available options.
Phones and Electronics,Printers,Printer,What is Printers?,Printers (Printer) is available under the Phones and Electronics category.
Phones and Electronics,Printers,Printer,Do you have Printers?,"Yes, Printers (Printer) can be searched in the Phones and Electronics category."
Phones and Electronics,Printers,Printer,Nahitaji Printer.,"Ndiyo, Printer (Printers) ipo kwenye category ya Phones and Electronics."
Phones and Electronics,Printers,Printer,Bei ya Printer ni kiasi gani?,"Bei ya Printer inategemea brand, size, quantity, and seller. Please specify the preferred brand or size."
Phones and Electronics,Printers,Printer,Can you recommend Printers?,Yes. Please tell me your budget and preferred brand or size so I can recommend a suitable Printers.
Phones and Electronics,Printers,Printer,Where can I find Printers?,You can find Printers under the Phones and Electronics category. The agent can help compare available options.
Phones and Electronics,Televisions,Televisheni,What is Televisions?,Televisions (Televisheni) is available under the Phones and Electronics category.
Phones and Electronics,Televisions,Televisheni,Do you have Televisions?,"Yes, Televisions (Televisheni) can be searched in the Phones and Electronics category."
Phones and Electronics,Televisions,Televisheni,Nahitaji Televisheni.,"Ndiyo, Televisheni (Televisions) ipo kwenye category ya Phones and Electronics."
Phones and Electronics,Televisions,Televisheni,Bei ya Televisheni ni kiasi gani?,"Bei ya Televisheni inategemea brand, size, quantity, and seller. Please specify the preferred brand or size."
Phones and Electronics,Televisions,Televisheni,Can you recommend Televisions?,Yes. Please tell me your budget and preferred brand or size so I can recommend a suitable Televisions.
Phones and Electronics,Televisions,Televisheni,Where can I find Televisions?,You can find Televisions under the Phones and Electronics category. The agent can help compare available options.
Phones and Electronics,Decoders,Decoder,What is Decoders?,Decoders (Decoder) is available under the Phones and Electronics category.
Phones and Electronics,Decoders,Decoder,Do you have Decoders?,"Yes, Decoders (Decoder) can be searched in the Phones and Electronics category."
Phones and Electronics,Decoders,Decoder,Nahitaji Decoder.,"Ndiyo, Decoder (Decoders) ipo kwenye category ya Phones and Electronics."
Phones and Electronics,Decoders,Decoder,Bei ya Decoder ni kiasi gani?,"Bei ya Decoder inategemea brand, size, quantity, and seller. Please specify the preferred brand or size."
Phones and Electronics,Decoders,Decoder,Can you recommend Decoders?,Yes. Please tell me your budget and preferred brand or size so I can recommend a suitable Decoders.
Phones and Electronics,Decoders,Decoder,Where can I find Decoders?,You can find Decoders under the Phones and Electronics category. The agent can help compare available options.
Phones and Electronics,Fans,Feni,What is Fans?,Fans (Feni) is available under the Phones and Electronics category.
Phones and Electronics,Fans,Feni,Do you have Fans?,"Yes, Fans (Feni) can be searched in the Phones and Electronics category."
Phones and Electronics,Fans,Feni,Nahitaji Feni.,"Ndiyo, Feni (Fans) ipo kwenye category ya Phones and Electronics."
Phones and Electronics,Fans,Feni,Bei ya Feni ni kiasi gani?,"Bei ya Feni inategemea brand, size, quantity, and seller. Please specify the preferred brand or size."
Phones and Electronics,Fans,Feni,Can you recommend Fans?,Yes. Please tell me your budget and preferred brand or size so I can recommend a suitable Fans.
Phones and Electronics,Fans,Feni,Where can I find Fans?,You can find Fans under the Phones and Electronics category. The agent can help compare available options.
Phones and Electronics,Fridges,Friji,What is Fridges?,Fridges (Friji) is available under the Phones and Electronics category.
Phones and Electronics,Fridges,Friji,Do you have Fridges?,"Yes, Fridges (Friji) can be searched in the Phones and Electronics category."
Phones and Electronics,Fridges,Friji,Nahitaji Friji.,"Ndiyo, Friji (Fridges) ipo kwenye category ya Phones and Electronics."
Phones and Electronics,Fridges,Friji,Bei ya Friji ni kiasi gani?,"Bei ya Friji inategemea brand, size, quantity, and seller. Please specify the preferred brand or size."
Phones and Electronics,Fridges,Friji,Can you recommend Fridges?,Yes. Please tell me your budget and preferred brand or size so I can recommend a suitable Fridges.
Phones and Electronics,Fridges,Friji,Where can I find Fridges?,You can find Fridges under the Phones and Electronics category. The agent can help compare available options.
Phones and Electronics,Washing machines,Mashine za kufulia,What is Washing machines?,Washing machines (Mashine za kufulia) is available under the Phones and Electronics category.
Phones and Electronics,Washing machines,Mashine za kufulia,Do you have Washing machines?,"Yes, Washing machines (Mashine za kufulia) can be searched in the Phones and Electronics category."
Phones and Electronics,Washing machines,Mashine za kufulia,Nahitaji Mashine za kufulia.,"Ndiyo, Mashine za kufulia (Washing machines) ipo kwenye category ya Phones and Electronics."
Phones and Electronics,Washing machines,Mashine za kufulia,Bei ya Mashine za kufulia ni kiasi gani?,"Bei ya Mashine za kufulia inategemea brand, size, quantity, and seller. Please specify the preferred brand or size."
Phones and Electronics,Washing machines,Mashine za kufulia,Can you recommend Washing machines?,Yes. Please tell me your budget and preferred brand or size so I can recommend a suitable Washing machines.
Phones and Electronics,Washing machines,Mashine za kufulia,Where can I find Washing machines?,You can find Washing machines under the Phones and Electronics category. The agent can help compare available options.
Phones and Electronics,Blenders,Blender,What is Blenders?,Blenders (Blender) is available under the Phones and Electronics category.
Phones and Electronics,Blenders,Blender,Do you have Blenders?,"Yes, Blenders (Blender) can be searched in the Phones and Electronics category."
Phones and Electronics,Blenders,Blender,Nahitaji Blender.,"Ndiyo, Blender (Blenders) ipo kwenye category ya Phones and Electronics."
Phones and Electronics,Blenders,Blender,Bei ya Blender ni kiasi gani?,"Bei ya Blender inategemea brand, size, quantity, and seller. Please specify the preferred brand or size."
Phones and Electronics,Blenders,Blender,Can you recommend Blenders?,Yes. Please tell me your budget and preferred brand or size so I can recommend a suitable Blenders.
Phones and Electronics,Blenders,Blender,Where can I find Blenders?,You can find Blenders under the Phones and Electronics category. The agent can help compare available options.
Phones and Electronics,Irons,Pasi,What is Irons?,Irons (Pasi) is available under the Phones and Electronics category.
Phones and Electronics,Irons,Pasi,Do you have Irons?,"Yes, Irons (Pasi) can be searched in the Phones and Electronics category."
Phones and Electronics,Irons,Pasi,Nahitaji Pasi.,"Ndiyo, Pasi (Irons) ipo kwenye category ya Phones and Electronics."
Phones and Electronics,Irons,Pasi,Bei ya Pasi ni kiasi gani?,"Bei ya Pasi inategemea brand, size, quantity, and seller. Please specify the preferred brand or size."
Phones and Electronics,Irons,Pasi,Can you recommend Irons?,Yes. Please tell me your budget and preferred brand or size so I can recommend a suitable Irons.
Phones and Electronics,Irons,Pasi,Where can I find Irons?,You can find Irons under the Phones and Electronics category. The agent can help compare available options.
Fashion,T-shirts,T-shirt,What is T-shirts?,T-shirts (T-shirt) is available under the Fashion category.
Fashion,T-shirts,T-shirt,Do you have T-shirts?,"Yes, T-shirts (T-shirt) can be searched in the Fashion category."
Fashion,T-shirts,T-shirt,Nahitaji T-shirt.,"Ndiyo, T-shirt (T-shirts) ipo kwenye category ya Fashion."
Fashion,T-shirts,T-shirt,Bei ya T-shirt ni kiasi gani?,"Bei ya T-shirt inategemea brand, size, quantity, and seller. Please specify the preferred brand or size."
Fashion,T-shirts,T-shirt,Can you recommend T-shirts?,Yes. Please tell me your budget and preferred brand or size so I can recommend a suitable T-shirts.
Fashion,T-shirts,T-shirt,Where can I find T-shirts?,You can find T-shirts under the Fashion category. The agent can help compare available options.
Fashion,Shirts,Mashati,What is Shirts?,Shirts (Mashati) is available under the Fashion category.
Fashion,Shirts,Mashati,Do you have Shirts?,"Yes, Shirts (Mashati) can be searched in the Fashion category."
Fashion,Shirts,Mashati,Nahitaji Mashati.,"Ndiyo, Mashati (Shirts) ipo kwenye category ya Fashion."
Fashion,Shirts,Mashati,Bei ya Mashati ni kiasi gani?,"Bei ya Mashati inategemea brand, size, quantity, and seller. Please specify the preferred brand or size."
Fashion,Shirts,Mashati,Can you recommend Shirts?,Yes. Please tell me your budget and preferred brand or size so I can recommend a suitable Shirts.
Fashion,Shirts,Mashati,Where can I find Shirts?,You can find Shirts under the Fashion category. The agent can help compare available options.
Fashion,Dresses,Magauni,What is Dresses?,Dresses (Magauni) is available under the Fashion category.
Fashion,Dresses,Magauni,Do you have Dresses?,"Yes, Dresses (Magauni) can be searched in the Fashion category."
Fashion,Dresses,Magauni,Nahitaji Magauni.,"Ndiyo, Magauni (Dresses) ipo kwenye category ya Fashion."
Fashion,Dresses,Magauni,Bei ya Magauni ni kiasi gani?,"Bei ya Magauni inategemea brand, size, quantity, and seller. Please specify the preferred brand or size."
Fashion,Dresses,Magauni,Can you recommend Dresses?,Yes. Please tell me your budget and preferred brand or size so I can recommend a suitable Dresses.
Fashion,Dresses,Magauni,Where can I find Dresses?,You can find Dresses under the Fashion category. The agent can help compare available options.
Fashion,Skirts,Sketi,What is Skirts?,Skirts (Sketi) is available under the Fashion category.
Fashion,Skirts,Sketi,Do you have Skirts?,"Yes, Skirts (Sketi) can be searched in the Fashion category."
Fashion,Skirts,Sketi,Nahitaji Sketi.,"Ndiyo, Sketi (Skirts) ipo kwenye category ya Fashion."
Fashion,Skirts,Sketi,Bei ya Sketi ni kiasi gani?,"Bei ya Sketi inategemea brand, size, quantity, and seller. Please specify the preferred brand or size."
Fashion,Skirts,Sketi,Can you recommend Skirts?,Yes. Please tell me your budget and preferred brand or size so I can recommend a suitable Skirts.
Fashion,Skirts,Sketi,Where can I find Skirts?,You can find Skirts under the Fashion category. The agent can help compare available options.
Fashion,Jeans,Jeans,What is Jeans?,Jeans (Jeans) is available under the Fashion category.
Fashion,Jeans,Jeans,Do you have Jeans?,"Yes, Jeans (Jeans) can be searched in the Fashion category."
Fashion,Jeans,Jeans,Nahitaji Jeans.,"Ndiyo, Jeans (Jeans) ipo kwenye category ya Fashion."
Fashion,Jeans,Jeans,Bei ya Jeans ni kiasi gani?,"Bei ya Jeans inategemea brand, size, quantity, and seller. Please specify the preferred brand or size."
Fashion,Jeans,Jeans,Can you recommend Jeans?,Yes. Please tell me your budget and preferred brand or size so I can recommend a suitable Jeans.
Fashion,Jeans,Jeans,Where can I find Jeans?,You can find Jeans under the Fashion category. The agent can help compare available options.
Fashion,Trousers,Suruali,What is Trousers?,Trousers (Suruali) is available under the Fashion category.
Fashion,Trousers,Suruali,Do you have Trousers?,"Yes, Trousers (Suruali) can be searched in the Fashion category."
Fashion,Trousers,Suruali,Nahitaji Suruali.,"Ndiyo, Suruali (Trousers) ipo kwenye category ya Fashion."
Fashion,Trousers,Suruali,Bei ya Suruali ni kiasi gani?,"Bei ya Suruali inategemea brand, size, quantity, and seller. Please specify the preferred brand or size."
Fashion,Trousers,Suruali,Can you recommend Trousers?,Yes. Please tell me your budget and preferred brand or size so I can recommend a suitable Trousers.
Fashion,Trousers,Suruali,Where can I find Trousers?,You can find Trousers under the Fashion category. The agent can help compare available options.
Fashion,Hoodies,Hoodie,What is Hoodies?,Hoodies (Hoodie) is available under the Fashion category.
Fashion,Hoodies,Hoodie,Do you have Hoodies?,"Yes, Hoodies (Hoodie) can be searched in the Fashion category."
Fashion,Hoodies,Hoodie,Nahitaji Hoodie.,"Ndiyo, Hoodie (Hoodies) ipo kwenye category ya Fashion."
Fashion,Hoodies,Hoodie,Bei ya Hoodie ni kiasi gani?,"Bei ya Hoodie inategemea brand, size, quantity, and seller. Please specify the preferred brand or size."
Fashion,Hoodies,Hoodie,Can you recommend Hoodies?,Yes. Please tell me your budget and preferred brand or size so I can recommend a suitable Hoodies.
Fashion,Hoodies,Hoodie,Where can I find Hoodies?,You can find Hoodies under the Fashion category. The agent can help compare available options.
Fashion,Jackets,Jacket,What is Jackets?,Jackets (Jacket) is available under the Fashion category.
Fashion,Jackets,Jacket,Do you have Jackets?,"Yes, Jackets (Jacket) can be searched in the Fashion category."
Fashion,Jackets,Jacket,Nahitaji Jacket.,"Ndiyo, Jacket (Jackets) ipo kwenye category ya Fashion."
Fashion,Jackets,Jacket,Bei ya Jacket ni kiasi gani?,"Bei ya Jacket inategemea brand, size, quantity, and seller. Please specify the preferred brand or size."
Fashion,Jackets,Jacket,Can you recommend Jackets?,Yes. Please tell me your budget and preferred brand or size so I can recommend a suitable Jackets.
Fashion,Jackets,Jacket,Where can I find Jackets?,You can find Jackets under the Fashion category. The agent can help compare available options.
Fashion,Shoes,Viatu,What is Shoes?,Shoes (Viatu) is available under the Fashion category.
Fashion,Shoes,Viatu,Do you have Shoes?,"Yes, Shoes (Viatu) can be searched in the Fashion category."
Fashion,Shoes,Viatu,Nahitaji Viatu.,"Ndiyo, Viatu (Shoes) ipo kwenye category ya Fashion."
Fashion,Shoes,Viatu,Bei ya Viatu ni kiasi gani?,"Bei ya Viatu inategemea brand, size, quantity, and seller. Please specify the preferred brand or size."
Fashion,Shoes,Viatu,Can you recommend Shoes?,Yes. Please tell me your budget and preferred brand or size so I can recommend a suitable Shoes.
Fashion,Shoes,Viatu,Where can I find Shoes?,You can find Shoes under the Fashion category. The agent can help compare available options.
Fashion,Sneakers,Sneakers,What is Sneakers?,Sneakers (Sneakers) is available under the Fashion category.
Fashion,Sneakers,Sneakers,Do you have Sneakers?,"Yes, Sneakers (Sneakers) can be searched in the Fashion category."
Fashion,Sneakers,Sneakers,Nahitaji Sneakers.,"Ndiyo, Sneakers (Sneakers) ipo kwenye category ya Fashion."
Fashion,Sneakers,Sneakers,Bei ya Sneakers ni kiasi gani?,"Bei ya Sneakers inategemea brand, size, quantity, and seller. Please specify the preferred brand or size."
Fashion,Sneakers,Sneakers,Can you recommend Sneakers?,Yes. Please tell me your budget and preferred brand or size so I can recommend a suitable Sneakers.
Fashion,Sneakers,Sneakers,Where can I find Sneakers?,You can find Sneakers under the Fashion category. The agent can help compare available options.
Fashion,Sandals,Sandals,What is Sandals?,Sandals (Sandals) is available under the Fashion category.
Fashion,Sandals,Sandals,Do you have Sandals?,"Yes, Sandals (Sandals) can be searched in the Fashion category."
Fashion,Sandals,Sandals,Nahitaji Sandals.,"Ndiyo, Sandals (Sandals) ipo kwenye category ya Fashion."
Fashion,Sandals,Sandals,Bei ya Sandals ni kiasi gani?,"Bei ya Sandals inategemea brand, size, quantity, and seller. Please specify the preferred brand or size."
Fashion,Sandals,Sandals,Can you recommend Sandals?,Yes. Please tell me your budget and preferred brand or size so I can recommend a suitable Sandals.
Fashion,Sandals,Sandals,Where can I find Sandals?,You can find Sandals under the Fashion category. The agent can help compare available options.
Fashion,Slippers,Slippers,What is Slippers?,Slippers (Slippers) is available under the Fashion category.
Fashion,Slippers,Slippers,Do you have Slippers?,"Yes, Slippers (Slippers) can be searched in the Fashion category."
Fashion,Slippers,Slippers,Nahitaji Slippers.,"Ndiyo, Slippers (Slippers) ipo kwenye category ya Fashion."
Fashion,Slippers,Slippers,Bei ya Slippers ni kiasi gani?,"Bei ya Slippers inategemea brand, size, quantity, and seller. Please specify the preferred brand or size."
Fashion,Slippers,Slippers,Can you recommend Slippers?,Yes. Please tell me your budget and preferred brand or size so I can recommend a suitable Slippers.
Fashion,Slippers,Slippers,Where can I find Slippers?,You can find Slippers under the Fashion category. The agent can help compare available options.
Fashion,Handbags,Handbags,What is Handbags?,Handbags (Handbags) is available under the Fashion category.
Fashion,Handbags,Handbags,Do you have Handbags?,"Yes, Handbags (Handbags) can be searched in the Fashion category."
Fashion,Handbags,Handbags,Nahitaji Handbags.,"Ndiyo, Handbags (Handbags) ipo kwenye category ya Fashion."
Fashion,Handbags,Handbags,Bei ya Handbags ni kiasi gani?,"Bei ya Handbags inategemea brand, size, quantity, and seller. Please specify the preferred brand or size."
Fashion,Handbags,Handbags,Can you recommend Handbags?,Yes. Please tell me your budget and preferred brand or size so I can recommend a suitable Handbags.
Fashion,Handbags,Handbags,Where can I find Handbags?,You can find Handbags under the Fashion category. The agent can help compare available options.
Fashion,Backpacks,Mabegi ya mgongoni,What is Backpacks?,Backpacks (Mabegi ya mgongoni) is available under the Fashion category.
Fashion,Backpacks,Mabegi ya mgongoni,Do you have Backpacks?,"Yes, Backpacks (Mabegi ya mgongoni) can be searched in the Fashion category."
Fashion,Backpacks,Mabegi ya mgongoni,Nahitaji Mabegi ya mgongoni.,"Ndiyo, Mabegi ya mgongoni (Backpacks) ipo kwenye category ya Fashion."
Fashion,Backpacks,Mabegi ya mgongoni,Bei ya Mabegi ya mgongoni ni kiasi gani?,"Bei ya Mabegi ya mgongoni inategemea brand, size, quantity, and seller. Please specify the preferred brand or size."
Fashion,Backpacks,Mabegi ya mgongoni,Can you recommend Backpacks?,Yes. Please tell me your budget and preferred brand or size so I can recommend a suitable Backpacks.
Fashion,Backpacks,Mabegi ya mgongoni,Where can I find Backpacks?,You can find Backpacks under the Fashion category. The agent can help compare available options.
Fashion,Belts,Mikanda,What is Belts?,Belts (Mikanda) is available under the Fashion category.
Fashion,Belts,Mikanda,Do you have Belts?,"Yes, Belts (Mikanda) can be searched in the Fashion category."
Fashion,Belts,Mikanda,Nahitaji Mikanda.,"Ndiyo, Mikanda (Belts) ipo kwenye category ya Fashion."
Fashion,Belts,Mikanda,Bei ya Mikanda ni kiasi gani?,"Bei ya Mikanda inategemea brand, size, quantity, and seller. Please specify the preferred brand or size."
Fashion,Belts,Mikanda,Can you recommend Belts?,Yes. Please tell me your budget and preferred brand or size so I can recommend a suitable Belts.
Fashion,Belts,Mikanda,Where can I find Belts?,You can find Belts under the Fashion category. The agent can help compare available options.
Fashion,Watches,Saa,What is Watches?,Watches (Saa) is available under the Fashion category.
Fashion,Watches,Saa,Do you have Watches?,"Yes, Watches (Saa) can be searched in the Fashion category."
Fashion,Watches,Saa,Nahitaji Saa.,"Ndiyo, Saa (Watches) ipo kwenye category ya Fashion."
Fashion,Watches,Saa,Bei ya Saa ni kiasi gani?,"Bei ya Saa inategemea brand, size, quantity, and seller. Please specify the preferred brand or size."
Fashion,Watches,Saa,Can you recommend Watches?,Yes. Please tell me your budget and preferred brand or size so I can recommend a suitable Watches.
Fashion,Watches,Saa,Where can I find Watches?,You can find Watches under the Fashion category. The agent can help compare available options.
Fashion,Caps,Kofia,What is Caps?,Caps (Kofia) is available under the Fashion category.
Fashion,Caps,Kofia,Do you have Caps?,"Yes, Caps (Kofia) can be searched in the Fashion category."
Fashion,Caps,Kofia,Nahitaji Kofia.,"Ndiyo, Kofia (Caps) ipo kwenye category ya Fashion."
Fashion,Caps,Kofia,Bei ya Kofia ni kiasi gani?,"Bei ya Kofia inategemea brand, size, quantity, and seller. Please specify the preferred brand or size."
Fashion,Caps,Kofia,Can you recommend Caps?,Yes. Please tell me your budget and preferred brand or size so I can recommend a suitable Caps.
Fashion,Caps,Kofia,Where can I find Caps?,You can find Caps under the Fashion category. The agent can help compare available options.
Fashion,Hijabs,Hijab,What is Hijabs?,Hijabs (Hijab) is available under the Fashion category.
Fashion,Hijabs,Hijab,Do you have Hijabs?,"Yes, Hijabs (Hijab) can be searched in the Fashion category."
Fashion,Hijabs,Hijab,Nahitaji Hijab.,"Ndiyo, Hijab (Hijabs) ipo kwenye category ya Fashion."
Fashion,Hijabs,Hijab,Bei ya Hijab ni kiasi gani?,"Bei ya Hijab inategemea brand, size, quantity, and seller. Please specify the preferred brand or size."
Fashion,Hijabs,Hijab,Can you recommend Hijabs?,Yes. Please tell me your budget and preferred brand or size so I can recommend a suitable Hijabs.
Fashion,Hijabs,Hijab,Where can I find Hijabs?,You can find Hijabs under the Fashion category. The agent can help compare available options.
Fashion,Abayas,Abaya,What is Abayas?,Abayas (Abaya) is available under the Fashion category.
Fashion,Abayas,Abaya,Do you have Abayas?,"Yes, Abayas (Abaya) can be searched in the Fashion category."
Fashion,Abayas,Abaya,Nahitaji Abaya.,"Ndiyo, Abaya (Abayas) ipo kwenye category ya Fashion."
Fashion,Abayas,Abaya,Bei ya Abaya ni kiasi gani?,"Bei ya Abaya inategemea brand, size, quantity, and seller. Please specify the preferred brand or size."
Fashion,Abayas,Abaya,Can you recommend Abayas?,Yes. Please tell me your budget and preferred brand or size so I can recommend a suitable Abayas.
Fashion,Abayas,Abaya,Where can I find Abayas?,You can find Abayas under the Fashion category. The agent can help compare available options.
Fashion,School uniforms,Sare za shule,What is School uniforms?,School uniforms (Sare za shule) is available under the Fashion category.
Fashion,School uniforms,Sare za shule,Do you have School uniforms?,"Yes, School uniforms (Sare za shule) can be searched in the Fashion category."
Fashion,School uniforms,Sare za shule,Nahitaji Sare za shule.,"Ndiyo, Sare za shule (School uniforms) ipo kwenye category ya Fashion."
Fashion,School uniforms,Sare za shule,Bei ya Sare za shule ni kiasi gani?,"Bei ya Sare za shule inategemea brand, size, quantity, and seller. Please specify the preferred brand or size."
Fashion,School uniforms,Sare za shule,Can you recommend School uniforms?,Yes. Please tell me your budget and preferred brand or size so I can recommend a suitable School uniforms.
Fashion,School uniforms,Sare za shule,Where can I find School uniforms?,You can find School uniforms under the Fashion category. The agent can help compare available options.
Home and Kitchen,Mattresses,Magodoro,What is Mattresses?,Mattresses (Magodoro) is available under the Home and Kitchen category.
Home and Kitchen,Mattresses,Magodoro,Do you have Mattresses?,"Yes, Mattresses (Magodoro) can be searched in the Home and Kitchen category."
Home and Kitchen,Mattresses,Magodoro,Nahitaji Magodoro.,"Ndiyo, Magodoro (Mattresses) ipo kwenye category ya Home and Kitchen."
Home and Kitchen,Mattresses,Magodoro,Bei ya Magodoro ni kiasi gani?,"Bei ya Magodoro inategemea brand, size, quantity, and seller. Please specify the preferred brand or size."
Home and Kitchen,Mattresses,Magodoro,Can you recommend Mattresses?,Yes. Please tell me your budget and preferred brand or size so I can recommend a suitable Mattresses.
Home and Kitchen,Mattresses,Magodoro,Where can I find Mattresses?,You can find Mattresses under the Home and Kitchen category. The agent can help compare available options.
Home and Kitchen,Beds,Vitanda,What is Beds?,Beds (Vitanda) is available under the Home and Kitchen category.
Home and Kitchen,Beds,Vitanda,Do you have Beds?,"Yes, Beds (Vitanda) can be searched in the Home and Kitchen category."
Home and Kitchen,Beds,Vitanda,Nahitaji Vitanda.,"Ndiyo, Vitanda (Beds) ipo kwenye category ya Home and Kitchen."
Home and Kitchen,Beds,Vitanda,Bei ya Vitanda ni kiasi gani?,"Bei ya Vitanda inategemea brand, size, quantity, and seller. Please specify the preferred brand or size."
Home and Kitchen,Beds,Vitanda,Can you recommend Beds?,Yes. Please tell me your budget and preferred brand or size so I can recommend a suitable Beds.
Home and Kitchen,Beds,Vitanda,Where can I find Beds?,You can find Beds under the Home and Kitchen category. The agent can help compare available options.
Home and Kitchen,Chairs,Viti,What is Chairs?,Chairs (Viti) is available under the Home and Kitchen category.
Home and Kitchen,Chairs,Viti,Do you have Chairs?,"Yes, Chairs (Viti) can be searched in the Home and Kitchen category."
Home and Kitchen,Chairs,Viti,Nahitaji Viti.,"Ndiyo, Viti (Chairs) ipo kwenye category ya Home and Kitchen."
Home and Kitchen,Chairs,Viti,Bei ya Viti ni kiasi gani?,"Bei ya Viti inategemea brand, size, quantity, and seller. Please specify the preferred brand or size."
Home and Kitchen,Chairs,Viti,Can you recommend Chairs?,Yes. Please tell me your budget and preferred brand or size so I can recommend a suitable Chairs.
Home and Kitchen,Chairs,Viti,Where can I find Chairs?,You can find Chairs under the Home and Kitchen category. The agent can help compare available options.
Home and Kitchen,Tables,Meza,What is Tables?,Tables (Meza) is available under the Home and Kitchen category.
Home and Kitchen,Tables,Meza,Do you have Tables?,"Yes, Tables (Meza) can be searched in the Home and Kitchen category."
Home and Kitchen,Tables,Meza,Nahitaji Meza.,"Ndiyo, Meza (Tables) ipo kwenye category ya Home and Kitchen."
Home and Kitchen,Tables,Meza,Bei ya Meza ni kiasi gani?,"Bei ya Meza inategemea brand, size, quantity, and seller. Please specify the preferred brand or size."
Home and Kitchen,Tables,Meza,Can you recommend Tables?,Yes. Please tell me your budget and preferred brand or size so I can recommend a suitable Tables.
Home and Kitchen,Tables,Meza,Where can I find Tables?,You can find Tables under the Home and Kitchen category. The agent can help compare available options.
Home and Kitchen,Sofas,Sofa,What is Sofas?,Sofas (Sofa) is available under the Home and Kitchen category.
Home and Kitchen,Sofas,Sofa,Do you have Sofas?,"Yes, Sofas (Sofa) can be searched in the Home and Kitchen category."
Home and Kitchen,Sofas,Sofa,Nahitaji Sofa.,"Ndiyo, Sofa (Sofas) ipo kwenye category ya Home and Kitchen."
Home and Kitchen,Sofas,Sofa,Bei ya Sofa ni kiasi gani?,"Bei ya Sofa inategemea brand, size, quantity, and seller. Please specify the preferred brand or size."
Home and Kitchen,Sofas,Sofa,Can you recommend Sofas?,Yes. Please tell me your budget and preferred brand or size so I can recommend a suitable Sofas.
Home and Kitchen,Sofas,Sofa,Where can I find Sofas?,You can find Sofas under the Home and Kitchen category. The agent can help compare available options.
Home and Kitchen,Curtains,Mapazia,What is Curtains?,Curtains (Mapazia) is available under the Home and Kitchen category.
Home and Kitchen,Curtains,Mapazia,Do you have Curtains?,"Yes, Curtains (Mapazia) can be searched in the Home and Kitchen category."
Home and Kitchen,Curtains,Mapazia,Nahitaji Mapazia.,"Ndiyo, Mapazia (Curtains) ipo kwenye category ya Home and Kitchen."
Home and Kitchen,Curtains,Mapazia,Bei ya Mapazia ni kiasi gani?,"Bei ya Mapazia inategemea brand, size, quantity, and seller. Please specify the preferred brand or size."
Home and Kitchen,Curtains,Mapazia,Can you recommend Curtains?,Yes. Please tell me your budget and preferred brand or size so I can recommend a suitable Curtains.
Home and Kitchen,Curtains,Mapazia,Where can I find Curtains?,You can find Curtains under the Home and Kitchen category. The agent can help compare available options.
Home and Kitchen,Carpets,Mazulia,What is Carpets?,Carpets (Mazulia) is available under the Home and Kitchen category.
Home and Kitchen,Carpets,Mazulia,Do you have Carpets?,"Yes, Carpets (Mazulia) can be searched in the Home and Kitchen category."
Home and Kitchen,Carpets,Mazulia,Nahitaji Mazulia.,"Ndiyo, Mazulia (Carpets) ipo kwenye category ya Home and Kitchen."
Home and Kitchen,Carpets,Mazulia,Bei ya Mazulia ni kiasi gani?,"Bei ya Mazulia inategemea brand, size, quantity, and seller. Please specify the preferred brand or size."
Home and Kitchen,Carpets,Mazulia,Can you recommend Carpets?,Yes. Please tell me your budget and preferred brand or size so I can recommend a suitable Carpets.
Home and Kitchen,Carpets,Mazulia,Where can I find Carpets?,You can find Carpets under the Home and Kitchen category. The agent can help compare available options.
Home and Kitchen,Bedsheets,Mashuka,What is Bedsheets?,Bedsheets (Mashuka) is available under the Home and Kitchen category.
Home and Kitchen,Bedsheets,Mashuka,Do you have Bedsheets?,"Yes, Bedsheets (Mashuka) can be searched in the Home and Kitchen category."
Home and Kitchen,Bedsheets,Mashuka,Nahitaji Mashuka.,"Ndiyo, Mashuka (Bedsheets) ipo kwenye category ya Home and Kitchen."
Home and Kitchen,Bedsheets,Mashuka,Bei ya Mashuka ni kiasi gani?,"Bei ya Mashuka inategemea brand, size, quantity, and seller. Please specify the preferred brand or size."
Home and Kitchen,Bedsheets,Mashuka,Can you recommend Bedsheets?,Yes. Please tell me your budget and preferred brand or size so I can recommend a suitable Bedsheets.
Home and Kitchen,Bedsheets,Mashuka,Where can I find Bedsheets?,You can find Bedsheets under the Home and Kitchen category. The agent can help compare available options.
Home and Kitchen,Pillows,Mito,What is Pillows?,Pillows (Mito) is available under the Home and Kitchen category.
Home and Kitchen,Pillows,Mito,Do you have Pillows?,"Yes, Pillows (Mito) can be searched in the Home and Kitchen category."
Home and Kitchen,Pillows,Mito,Nahitaji Mito.,"Ndiyo, Mito (Pillows) ipo kwenye category ya Home and Kitchen."
Home and Kitchen,Pillows,Mito,Bei ya Mito ni kiasi gani?,"Bei ya Mito inategemea brand, size, quantity, and seller. Please specify the preferred brand or size."
Home and Kitchen,Pillows,Mito,Can you recommend Pillows?,Yes. Please tell me your budget and preferred brand or size so I can recommend a suitable Pillows.
Home and Kitchen,Pillows,Mito,Where can I find Pillows?,You can find Pillows under the Home and Kitchen category. The agent can help compare available options.
Home and Kitchen,Blankets,Blanketi,What is Blankets?,Blankets (Blanketi) is available under the Home and Kitchen category.
Home and Kitchen,Blankets,Blanketi,Do you have Blankets?,"Yes, Blankets (Blanketi) can be searched in the Home and Kitchen category."
Home and Kitchen,Blankets,Blanketi,Nahitaji Blanketi.,"Ndiyo, Blanketi (Blankets) ipo kwenye category ya Home and Kitchen."
Home and Kitchen,Blankets,Blanketi,Bei ya Blanketi ni kiasi gani?,"Bei ya Blanketi inategemea brand, size, quantity, and seller. Please specify the preferred brand or size."
Home and Kitchen,Blankets,Blanketi,Can you recommend Blankets?,Yes. Please tell me your budget and preferred brand or size so I can recommend a suitable Blankets.
Home and Kitchen,Blankets,Blanketi,Where can I find Blankets?,You can find Blankets under the Home and Kitchen category. The agent can help compare available options.
Home and Kitchen,Gas cookers,Jiko la gesi,What is Gas cookers?,Gas cookers (Jiko la gesi) is available under the Home and Kitchen category.
Home and Kitchen,Gas cookers,Jiko la gesi,Do you have Gas cookers?,"Yes, Gas cookers (Jiko la gesi) can be searched in the Home and Kitchen category."
Home and Kitchen,Gas cookers,Jiko la gesi,Nahitaji Jiko la gesi.,"Ndiyo, Jiko la gesi (Gas cookers) ipo kwenye category ya Home and Kitchen."
Home and Kitchen,Gas cookers,Jiko la gesi,Bei ya Jiko la gesi ni kiasi gani?,"Bei ya Jiko la gesi inategemea brand, size, quantity, and seller. Please specify the preferred brand or size."
Home and Kitchen,Gas cookers,Jiko la gesi,Can you recommend Gas cookers?,Yes. Please tell me your budget and preferred brand or size so I can recommend a suitable Gas cookers.
Home and Kitchen,Gas cookers,Jiko la gesi,Where can I find Gas cookers?,You can find Gas cookers under the Home and Kitchen category. The agent can help compare available options.
Home and Kitchen,Gas cylinders,Mtungi wa gesi,What is Gas cylinders?,Gas cylinders (Mtungi wa gesi) is available under the Home and Kitchen category.
Home and Kitchen,Gas cylinders,Mtungi wa gesi,Do you have Gas cylinders?,"Yes, Gas cylinders (Mtungi wa gesi) can be searched in the Home and Kitchen category."
Home and Kitchen,Gas cylinders,Mtungi wa gesi,Nahitaji Mtungi wa gesi.,"Ndiyo, Mtungi wa gesi (Gas cylinders) ipo kwenye category ya Home and Kitchen."
Home and Kitchen,Gas cylinders,Mtungi wa gesi,Bei ya Mtungi wa gesi ni kiasi gani?,"Bei ya Mtungi wa gesi inategemea brand, size, quantity, and seller. Please specify the preferred brand or size."
Home and Kitchen,Gas cylinders,Mtungi wa gesi,Can you recommend Gas cylinders?,Yes. Please tell me your budget and preferred brand or size so I can recommend a suitable Gas cylinders.
Home and Kitchen,Gas cylinders,Mtungi wa gesi,Where can I find Gas cylinders?,You can find Gas cylinders under the Home and Kitchen category. The agent can help compare available options.
Home and Kitchen,Rice cookers,Rice cooker,What is Rice cookers?,Rice cookers (Rice cooker) is available under the Home and Kitchen category.
Home and Kitchen,Rice cookers,Rice cooker,Do you have Rice cookers?,"Yes, Rice cookers (Rice cooker) can be searched in the Home and Kitchen category."
Home and Kitchen,Rice cookers,Rice cooker,Nahitaji Rice cooker.,"Ndiyo, Rice cooker (Rice cookers) ipo kwenye category ya Home and Kitchen."
Home and Kitchen,Rice cookers,Rice cooker,Bei ya Rice cooker ni kiasi gani?,"Bei ya Rice cooker inategemea brand, size, quantity, and seller. Please specify the preferred brand or size."
Home and Kitchen,Rice cookers,Rice cooker,Can you recommend Rice cookers?,Yes. Please tell me your budget and preferred brand or size so I can recommend a suitable Rice cookers.
Home and Kitchen,Rice cookers,Rice cooker,Where can I find Rice cookers?,You can find Rice cookers under the Home and Kitchen category. The agent can help compare available options.
Home and Kitchen,Pressure cookers,Pressure cooker,What is Pressure cookers?,Pressure cookers (Pressure cooker) is available under the Home and Kitchen category.
Home and Kitchen,Pressure cookers,Pressure cooker,Do you have Pressure cookers?,"Yes, Pressure cookers (Pressure cooker) can be searched in the Home and Kitchen category."
Home and Kitchen,Pressure cookers,Pressure cooker,Nahitaji Pressure cooker.,"Ndiyo, Pressure cooker (Pressure cookers) ipo kwenye category ya Home and Kitchen."
Home and Kitchen,Pressure cookers,Pressure cooker,Bei ya Pressure cooker ni kiasi gani?,"Bei ya Pressure cooker inategemea brand, size, quantity, and seller. Please specify the preferred brand or size."
Home and Kitchen,Pressure cookers,Pressure cooker,Can you recommend Pressure cookers?,Yes. Please tell me your budget and preferred brand or size so I can recommend a suitable Pressure cookers.
Home and Kitchen,Pressure cookers,Pressure cooker,Where can I find Pressure cookers?,You can find Pressure cookers under the Home and Kitchen category. The agent can help compare available options.
Home and Kitchen,Kettles,Kettle,What is Kettles?,Kettles (Kettle) is available under the Home and Kitchen category.
Home and Kitchen,Kettles,Kettle,Do you have Kettles?,"Yes, Kettles (Kettle) can be searched in the Home and Kitchen category."
Home and Kitchen,Kettles,Kettle,Nahitaji Kettle.,"Ndiyo, Kettle (Kettles) ipo kwenye category ya Home and Kitchen."
Home and Kitchen,Kettles,Kettle,Bei ya Kettle ni kiasi gani?,"Bei ya Kettle inategemea brand, size, quantity, and seller. Please specify the preferred brand or size."
Home and Kitchen,Kettles,Kettle,Can you recommend Kettles?,Yes. Please tell me your budget and preferred brand or size so I can recommend a suitable Kettles.
Home and Kitchen,Kettles,Kettle,Where can I find Kettles?,You can find Kettles under the Home and Kitchen category. The agent can help compare available options.
Home and Kitchen,Plates,Sahani,What is Plates?,Plates (Sahani) is available under the Home and Kitchen category.
Home and Kitchen,Plates,Sahani,Do you have Plates?,"Yes, Plates (Sahani) can be searched in the Home and Kitchen category."
Home and Kitchen,Plates,Sahani,Nahitaji Sahani.,"Ndiyo, Sahani (Plates) ipo kwenye category ya Home and Kitchen."
Home and Kitchen,Plates,Sahani,Bei ya Sahani ni kiasi gani?,"Bei ya Sahani inategemea brand, size, quantity, and seller. Please specify the preferred brand or size."
Home and Kitchen,Plates,Sahani,Can you recommend Plates?,Yes. Please tell me your budget and preferred brand or size so I can recommend a suitable Plates.
Home and Kitchen,Plates,Sahani,Where can I find Plates?,You can find Plates under the Home and Kitchen category. The agent can help compare available options.
Home and Kitchen,Cups,Vikombe,What is Cups?,Cups (Vikombe) is available under the Home and Kitchen category.
Home and Kitchen,Cups,Vikombe,Do you have Cups?,"Yes, Cups (Vikombe) can be searched in the Home and Kitchen category."
Home and Kitchen,Cups,Vikombe,Nahitaji Vikombe.,"Ndiyo, Vikombe (Cups) ipo kwenye category ya Home and Kitchen."
Home and Kitchen,Cups,Vikombe,Bei ya Vikombe ni kiasi gani?,"Bei ya Vikombe inategemea brand, size, quantity, and seller. Please specify the preferred brand or size."
Home and Kitchen,Cups,Vikombe,Can you recommend Cups?,Yes. Please tell me your budget and preferred brand or size so I can recommend a suitable Cups.
Home and Kitchen,Cups,Vikombe,Where can I find Cups?,You can find Cups under the Home and Kitchen category. The agent can help compare available options.
Home and Kitchen,Cooking pots,Sufuria,What is Cooking pots?,Cooking pots (Sufuria) is available under the Home and Kitchen category.
Home and Kitchen,Cooking pots,Sufuria,Do you have Cooking pots?,"Yes, Cooking pots (Sufuria) can be searched in the Home and Kitchen category."
Home and Kitchen,Cooking pots,Sufuria,Nahitaji Sufuria.,"Ndiyo, Sufuria (Cooking pots) ipo kwenye category ya Home and Kitchen."
Home and Kitchen,Cooking pots,Sufuria,Bei ya Sufuria ni kiasi gani?,"Bei ya Sufuria inategemea brand, size, quantity, and seller. Please specify the preferred brand or size."
Home and Kitchen,Cooking pots,Sufuria,Can you recommend Cooking pots?,Yes. Please tell me your budget and preferred brand or size so I can recommend a suitable Cooking pots.
Home and Kitchen,Cooking pots,Sufuria,Where can I find Cooking pots?,You can find Cooking pots under the Home and Kitchen category. The agent can help compare available options.
Home and Kitchen,Frying pans,Pani,What is Frying pans?,Frying pans (Pani) is available under the Home and Kitchen category.
Home and Kitchen,Frying pans,Pani,Do you have Frying pans?,"Yes, Frying pans (Pani) can be searched in the Home and Kitchen category."
Home and Kitchen,Frying pans,Pani,Nahitaji Pani.,"Ndiyo, Pani (Frying pans) ipo kwenye category ya Home and Kitchen."
Home and Kitchen,Frying pans,Pani,Bei ya Pani ni kiasi gani?,"Bei ya Pani inategemea brand, size, quantity, and seller. Please specify the preferred brand or size."
Home and Kitchen,Frying pans,Pani,Can you recommend Frying pans?,Yes. Please tell me your budget and preferred brand or size so I can recommend a suitable Frying pans.
Home and Kitchen,Frying pans,Pani,Where can I find Frying pans?,You can find Frying pans under the Home and Kitchen category. The agent can help compare available options.
Home and Kitchen,Kitchen knives,Visu vya jikoni,What is Kitchen knives?,Kitchen knives (Visu vya jikoni) is available under the Home and Kitchen category.
Home and Kitchen,Kitchen knives,Visu vya jikoni,Do you have Kitchen knives?,"Yes, Kitchen knives (Visu vya jikoni) can be searched in the Home and Kitchen category."
Home and Kitchen,Kitchen knives,Visu vya jikoni,Nahitaji Visu vya jikoni.,"Ndiyo, Visu vya jikoni (Kitchen knives) ipo kwenye category ya Home and Kitchen."
Home and Kitchen,Kitchen knives,Visu vya jikoni,Bei ya Visu vya jikoni ni kiasi gani?,"Bei ya Visu vya jikoni inategemea brand, size, quantity, and seller. Please specify the preferred brand or size."
Home and Kitchen,Kitchen knives,Visu vya jikoni,Can you recommend Kitchen knives?,Yes. Please tell me your budget and preferred brand or size so I can recommend a suitable Kitchen knives.
Home and Kitchen,Kitchen knives,Visu vya jikoni,Where can I find Kitchen knives?,You can find Kitchen knives under the Home and Kitchen category. The agent can help compare available options.
Home and Kitchen,Water filters,Kichujio cha maji,What is Water filters?,Water filters (Kichujio cha maji) is available under the Home and Kitchen category.
Home and Kitchen,Water filters,Kichujio cha maji,Do you have Water filters?,"Yes, Water filters (Kichujio cha maji) can be searched in the Home and Kitchen category."
Home and Kitchen,Water filters,Kichujio cha maji,Nahitaji Kichujio cha maji.,"Ndiyo, Kichujio cha maji (Water filters) ipo kwenye category ya Home and Kitchen."
Home and Kitchen,Water filters,Kichujio cha maji,Bei ya Kichujio cha maji ni kiasi gani?,"Bei ya Kichujio cha maji inategemea brand, size, quantity, and seller. Please specify the preferred brand or size."
Home and Kitchen,Water filters,Kichujio cha maji,Can you recommend Water filters?,Yes. Please tell me your budget and preferred brand or size so I can recommend a suitable Water filters.
Home and Kitchen,Water filters,Kichujio cha maji,Where can I find Water filters?,You can find Water filters under the Home and Kitchen category. The agent can help compare available options.
Home and Kitchen,Water dispensers,Dispenser ya maji,What is Water dispensers?,Water dispensers (Dispenser ya maji) is available under the Home and Kitchen category.
Home and Kitchen,Water dispensers,Dispenser ya maji,Do you have Water dispensers?,"Yes, Water dispensers (Dispenser ya maji) can be searched in the Home and Kitchen category."
Home and Kitchen,Water dispensers,Dispenser ya maji,Nahitaji Dispenser ya maji.,"Ndiyo, Dispenser ya maji (Water dispensers) ipo kwenye category ya Home and Kitchen."
Home and Kitchen,Water dispensers,Dispenser ya maji,Bei ya Dispenser ya maji ni kiasi gani?,"Bei ya Dispenser ya maji inategemea brand, size, quantity, and seller. Please specify the preferred brand or size."
Home and Kitchen,Water dispensers,Dispenser ya maji,Can you recommend Water dispensers?,Yes. Please tell me your budget and preferred brand or size so I can recommend a suitable Water dispensers.
Home and Kitchen,Water dispensers,Dispenser ya maji,Where can I find Water dispensers?,You can find Water dispensers under the Home and Kitchen category. The agent can help compare available options.
Agriculture,Seeds,Mbegu,What is Seeds?,Seeds (Mbegu) is available under the Agriculture category.
Agriculture,Seeds,Mbegu,Do you have Seeds?,"Yes, Seeds (Mbegu) can be searched in the Agriculture category."
Agriculture,Seeds,Mbegu,Nahitaji Mbegu.,"Ndiyo, Mbegu (Seeds) ipo kwenye category ya Agriculture."
Agriculture,Seeds,Mbegu,Bei ya Mbegu ni kiasi gani?,"Bei ya Mbegu inategemea brand, size, quantity, and seller. Please specify the preferred brand or size."
Agriculture,Seeds,Mbegu,Can you recommend Seeds?,Yes. Please tell me your budget and preferred brand or size so I can recommend a suitable Seeds.
Agriculture,Seeds,Mbegu,Where can I find Seeds?,You can find Seeds under the Agriculture category. The agent can help compare available options.
Agriculture,Fertilizers,Mbolea,What is Fertilizers?,Fertilizers (Mbolea) is available under the Agriculture category.
Agriculture,Fertilizers,Mbolea,Do you have Fertilizers?,"Yes, Fertilizers (Mbolea) can be searched in the Agriculture category."
Agriculture,Fertilizers,Mbolea,Nahitaji Mbolea.,"Ndiyo, Mbolea (Fertilizers) ipo kwenye category ya Agriculture."
Agriculture,Fertilizers,Mbolea,Bei ya Mbolea ni kiasi gani?,"Bei ya Mbolea inategemea brand, size, quantity, and seller. Please specify the preferred brand or size."
Agriculture,Fertilizers,Mbolea,Can you recommend Fertilizers?,Yes. Please tell me your budget and preferred brand or size so I can recommend a suitable Fertilizers.
Agriculture,Fertilizers,Mbolea,Where can I find Fertilizers?,You can find Fertilizers under the Agriculture category. The agent can help compare available options.
Agriculture,Pesticides,Dawa za wadudu,What is Pesticides?,Pesticides (Dawa za wadudu) is available under the Agriculture category.
Agriculture,Pesticides,Dawa za wadudu,Do you have Pesticides?,"Yes, Pesticides (Dawa za wadudu) can be searched in the Agriculture category."
Agriculture,Pesticides,Dawa za wadudu,Nahitaji Dawa za wadudu.,"Ndiyo, Dawa za wadudu (Pesticides) ipo kwenye category ya Agriculture."
Agriculture,Pesticides,Dawa za wadudu,Bei ya Dawa za wadudu ni kiasi gani?,"Bei ya Dawa za wadudu inategemea brand, size, quantity, and seller. Please specify the preferred brand or size."
Agriculture,Pesticides,Dawa za wadudu,Can you recommend Pesticides?,Yes. Please tell me your budget and preferred brand or size so I can recommend a suitable Pesticides.
Agriculture,Pesticides,Dawa za wadudu,Where can I find Pesticides?,You can find Pesticides under the Agriculture category. The agent can help compare available options.
Agriculture,Herbicides,Dawa za magugu,What is Herbicides?,Herbicides (Dawa za magugu) is available under the Agriculture category.
Agriculture,Herbicides,Dawa za magugu,Do you have Herbicides?,"Yes, Herbicides (Dawa za magugu) can be searched in the Agriculture category."
Agriculture,Herbicides,Dawa za magugu,Nahitaji Dawa za magugu.,"Ndiyo, Dawa za magugu (Herbicides) ipo kwenye category ya Agriculture."
Agriculture,Herbicides,Dawa za magugu,Bei ya Dawa za magugu ni kiasi gani?,"Bei ya Dawa za magugu inategemea brand, size, quantity, and seller. Please specify the preferred brand or size."
Agriculture,Herbicides,Dawa za magugu,Can you recommend Herbicides?,Yes. Please tell me your budget and preferred brand or size so I can recommend a suitable Herbicides.
Agriculture,Herbicides,Dawa za magugu,Where can I find Herbicides?,You can find Herbicides under the Agriculture category. The agent can help compare available options.
Agriculture,Irrigation equipment,Vifaa vya umwagiliaji,What is Irrigation equipment?,Irrigation equipment (Vifaa vya umwagiliaji) is available under the Agriculture category.
Agriculture,Irrigation equipment,Vifaa vya umwagiliaji,Do you have Irrigation equipment?,"Yes, Irrigation equipment (Vifaa vya umwagiliaji) can be searched in the Agriculture category."
Agriculture,Irrigation equipment,Vifaa vya umwagiliaji,Nahitaji Vifaa vya umwagiliaji.,"Ndiyo, Vifaa vya umwagiliaji (Irrigation equipment) ipo kwenye category ya Agriculture."
Agriculture,Irrigation equipment,Vifaa vya umwagiliaji,Bei ya Vifaa vya umwagiliaji ni kiasi gani?,"Bei ya Vifaa vya umwagiliaji inategemea brand, size, quantity, and seller. Please specify the preferred brand or size."
Agriculture,Irrigation equipment,Vifaa vya umwagiliaji,Can you recommend Irrigation equipment?,Yes. Please tell me your budget and preferred brand or size so I can recommend a suitable Irrigation equipment.
Agriculture,Irrigation equipment,Vifaa vya umwagiliaji,Where can I find Irrigation equipment?,You can find Irrigation equipment under the Agriculture category. The agent can help compare available options.
Agriculture,Water pumps,Pumpu za maji,What is Water pumps?,Water pumps (Pumpu za maji) is available under the Agriculture category.
Agriculture,Water pumps,Pumpu za maji,Do you have Water pumps?,"Yes, Water pumps (Pumpu za maji) can be searched in the Agriculture category."
Agriculture,Water pumps,Pumpu za maji,Nahitaji Pumpu za maji.,"Ndiyo, Pumpu za maji (Water pumps) ipo kwenye category ya Agriculture."
Agriculture,Water pumps,Pumpu za maji,Bei ya Pumpu za maji ni kiasi gani?,"Bei ya Pumpu za maji inategemea brand, size, quantity, and seller. Please specify the preferred brand or size."
Agriculture,Water pumps,Pumpu za maji,Can you recommend Water pumps?,Yes. Please tell me your budget and preferred brand or size so I can recommend a suitable Water pumps.
Agriculture,Water pumps,Pumpu za maji,Where can I find Water pumps?,You can find Water pumps under the Agriculture category. The agent can help compare available options.
Agriculture,Animal feeds,Chakula cha mifugo,What is Animal feeds?,Animal feeds (Chakula cha mifugo) is available under the Agriculture category.
Agriculture,Animal feeds,Chakula cha mifugo,Do you have Animal feeds?,"Yes, Animal feeds (Chakula cha mifugo) can be searched in the Agriculture category."
Agriculture,Animal feeds,Chakula cha mifugo,Nahitaji Chakula cha mifugo.,"Ndiyo, Chakula cha mifugo (Animal feeds) ipo kwenye category ya Agriculture."
Agriculture,Animal feeds,Chakula cha mifugo,Bei ya Chakula cha mifugo ni kiasi gani?,"Bei ya Chakula cha mifugo inategemea brand, size, quantity, and seller. Please specify the preferred brand or size."
Agriculture,Animal feeds,Chakula cha mifugo,Can you recommend Animal feeds?,Yes. Please tell me your budget and preferred brand or size so I can recommend a suitable Animal feeds.
Agriculture,Animal feeds,Chakula cha mifugo,Where can I find Animal feeds?,You can find Animal feeds under the Agriculture category. The agent can help compare available options.
Agriculture,Chicken feeds,Chakula cha kuku,What is Chicken feeds?,Chicken feeds (Chakula cha kuku) is available under the Agriculture category.
Agriculture,Chicken feeds,Chakula cha kuku,Do you have Chicken feeds?,"Yes, Chicken feeds (Chakula cha kuku) can be searched in the Agriculture category."
Agriculture,Chicken feeds,Chakula cha kuku,Nahitaji Chakula cha kuku.,"Ndiyo, Chakula cha kuku (Chicken feeds) ipo kwenye category ya Agriculture."
Agriculture,Chicken feeds,Chakula cha kuku,Bei ya Chakula cha kuku ni kiasi gani?,"Bei ya Chakula cha kuku inategemea brand, size, quantity, and seller. Please specify the preferred brand or size."
Agriculture,Chicken feeds,Chakula cha kuku,Can you recommend Chicken feeds?,Yes. Please tell me your budget and preferred brand or size so I can recommend a suitable Chicken feeds.
Agriculture,Chicken feeds,Chakula cha kuku,Where can I find Chicken feeds?,You can find Chicken feeds under the Agriculture category. The agent can help compare available options.
Agriculture,Farming tools,Vifaa vya kilimo,What is Farming tools?,Farming tools (Vifaa vya kilimo) is available under the Agriculture category.
Agriculture,Farming tools,Vifaa vya kilimo,Do you have Farming tools?,"Yes, Farming tools (Vifaa vya kilimo) can be searched in the Agriculture category."
Agriculture,Farming tools,Vifaa vya kilimo,Nahitaji Vifaa vya kilimo.,"Ndiyo, Vifaa vya kilimo (Farming tools) ipo kwenye category ya Agriculture."
Agriculture,Farming tools,Vifaa vya kilimo,Bei ya Vifaa vya kilimo ni kiasi gani?,"Bei ya Vifaa vya kilimo inategemea brand, size, quantity, and seller. Please specify the preferred brand or size."
Agriculture,Farming tools,Vifaa vya kilimo,Can you recommend Farming tools?,Yes. Please tell me your budget and preferred brand or size so I can recommend a suitable Farming tools.
Agriculture,Farming tools,Vifaa vya kilimo,Where can I find Farming tools?,You can find Farming tools under the Agriculture category. The agent can help compare available options.
Agriculture,Tractors,Tractor,What is Tractors?,Tractors (Tractor) is available under the Agriculture category.
Agriculture,Tractors,Tractor,Do you have Tractors?,"Yes, Tractors (Tractor) can be searched in the Agriculture category."
Agriculture,Tractors,Tractor,Nahitaji Tractor.,"Ndiyo, Tractor (Tractors) ipo kwenye category ya Agriculture."
Agriculture,Tractors,Tractor,Bei ya Tractor ni kiasi gani?,"Bei ya Tractor inategemea brand, size, quantity, and seller. Please specify the preferred brand or size."
Agriculture,Tractors,Tractor,Can you recommend Tractors?,Yes. Please tell me your budget and preferred brand or size so I can recommend a suitable Tractors.
Agriculture,Tractors,Tractor,Where can I find Tractors?,You can find Tractors under the Agriculture category. The agent can help compare available options.
Agriculture,Sprayers,Mashine za kunyunyizia,What is Sprayers?,Sprayers (Mashine za kunyunyizia) is available under the Agriculture category.
Agriculture,Sprayers,Mashine za kunyunyizia,Do you have Sprayers?,"Yes, Sprayers (Mashine za kunyunyizia) can be searched in the Agriculture category."
Agriculture,Sprayers,Mashine za kunyunyizia,Nahitaji Mashine za kunyunyizia.,"Ndiyo, Mashine za kunyunyizia (Sprayers) ipo kwenye category ya Agriculture."
Agriculture,Sprayers,Mashine za kunyunyizia,Bei ya Mashine za kunyunyizia ni kiasi gani?,"Bei ya Mashine za kunyunyizia inategemea brand, size, quantity, and seller. Please specify the preferred brand or size."
Agriculture,Sprayers,Mashine za kunyunyizia,Can you recommend Sprayers?,Yes. Please tell me your budget and preferred brand or size so I can recommend a suitable Sprayers.
Agriculture,Sprayers,Mashine za kunyunyizia,Where can I find Sprayers?,You can find Sprayers under the Agriculture category. The agent can help compare available options.
Agriculture,Greenhouse materials,Vifaa vya greenhouse,What is Greenhouse materials?,Greenhouse materials (Vifaa vya greenhouse) is available under the Agriculture category.
Agriculture,Greenhouse materials,Vifaa vya greenhouse,Do you have Greenhouse materials?,"Yes, Greenhouse materials (Vifaa vya greenhouse) can be searched in the Agriculture category."
Agriculture,Greenhouse materials,Vifaa vya greenhouse,Nahitaji Vifaa vya greenhouse.,"Ndiyo, Vifaa vya greenhouse (Greenhouse materials) ipo kwenye category ya Agriculture."
Agriculture,Greenhouse materials,Vifaa vya greenhouse,Bei ya Vifaa vya greenhouse ni kiasi gani?,"Bei ya Vifaa vya greenhouse inategemea brand, size, quantity, and seller. Please specify the preferred brand or size."
Agriculture,Greenhouse materials,Vifaa vya greenhouse,Can you recommend Greenhouse materials?,Yes. Please tell me your budget and preferred brand or size so I can recommend a suitable Greenhouse materials.
Agriculture,Greenhouse materials,Vifaa vya greenhouse,Where can I find Greenhouse materials?,You can find Greenhouse materials under the Agriculture category. The agent can help compare available options.
Solar and Power,Solar panels,Paneli za sola,What is Solar panels?,Solar panels (Paneli za sola) is available under the Solar and Power category.
Solar and Power,Solar panels,Paneli za sola,Do you have Solar panels?,"Yes, Solar panels (Paneli za sola) can be searched in the Solar and Power category."
Solar and Power,Solar panels,Paneli za sola,Nahitaji Paneli za sola.,"Ndiyo, Paneli za sola (Solar panels) ipo kwenye category ya Solar and Power."
Solar and Power,Solar panels,Paneli za sola,Bei ya Paneli za sola ni kiasi gani?,"Bei ya Paneli za sola inategemea brand, size, quantity, and seller. Please specify the preferred brand or size."
Solar and Power,Solar panels,Paneli za sola,Can you recommend Solar panels?,Yes. Please tell me your budget and preferred brand or size so I can recommend a suitable Solar panels.
Solar and Power,Solar panels,Paneli za sola,Where can I find Solar panels?,You can find Solar panels under the Solar and Power category. The agent can help compare available options.
Solar and Power,Solar batteries,Betri za sola,What is Solar batteries?,Solar batteries (Betri za sola) is available under the Solar and Power category.
Solar and Power,Solar batteries,Betri za sola,Do you have Solar batteries?,"Yes, Solar batteries (Betri za sola) can be searched in the Solar and Power category."
Solar and Power,Solar batteries,Betri za sola,Nahitaji Betri za sola.,"Ndiyo, Betri za sola (Solar batteries) ipo kwenye category ya Solar and Power."
Solar and Power,Solar batteries,Betri za sola,Bei ya Betri za sola ni kiasi gani?,"Bei ya Betri za sola inategemea brand, size, quantity, and seller. Please specify the preferred brand or size."
Solar and Power,Solar batteries,Betri za sola,Can you recommend Solar batteries?,Yes. Please tell me your budget and preferred brand or size so I can recommend a suitable Solar batteries.
Solar and Power,Solar batteries,Betri za sola,Where can I find Solar batteries?,You can find Solar batteries under the Solar and Power category. The agent can help compare available options.
Solar and Power,Solar lights,Taa za sola,What is Solar lights?,Solar lights (Taa za sola) is available under the Solar and Power category.
Solar and Power,Solar lights,Taa za sola,Do you have Solar lights?,"Yes, Solar lights (Taa za sola) can be searched in the Solar and Power category."
Solar and Power,Solar lights,Taa za sola,Nahitaji Taa za sola.,"Ndiyo, Taa za sola (Solar lights) ipo kwenye category ya Solar and Power."
Solar and Power,Solar lights,Taa za sola,Bei ya Taa za sola ni kiasi gani?,"Bei ya Taa za sola inategemea brand, size, quantity, and seller. Please specify the preferred brand or size."
Solar and Power,Solar lights,Taa za sola,Can you recommend Solar lights?,Yes. Please tell me your budget and preferred brand or size so I can recommend a suitable Solar lights.
Solar and Power,Solar lights,Taa za sola,Where can I find Solar lights?,You can find Solar lights under the Solar and Power category. The agent can help compare available options.
Solar and Power,Solar street lights,Taa za sola za barabarani,What is Solar street lights?,Solar street lights (Taa za sola za barabarani) is available under the Solar and Power category.
Solar and Power,Solar street lights,Taa za sola za barabarani,Do you have Solar street lights?,"Yes, Solar street lights (Taa za sola za barabarani) can be searched in the Solar and Power category."
Solar and Power,Solar street lights,Taa za sola za barabarani,Nahitaji Taa za sola za barabarani.,"Ndiyo, Taa za sola za barabarani (Solar street lights) ipo kwenye category ya Solar and Power."
Solar and Power,Solar street lights,Taa za sola za barabarani,Bei ya Taa za sola za barabarani ni kiasi gani?,"Bei ya Taa za sola za barabarani inategemea brand, size, quantity, and seller. Please specify the preferred brand or size."
Solar and Power,Solar street lights,Taa za sola za barabarani,Can you recommend Solar street lights?,Yes. Please tell me your budget and preferred brand or size so I can recommend a suitable Solar street lights.
Solar and Power,Solar street lights,Taa za sola za barabarani,Where can I find Solar street lights?,You can find Solar street lights under the Solar and Power category. The agent can help compare available options.
Solar and Power,Inverters,Inverter,What is Inverters?,Inverters (Inverter) is available under the Solar and Power category.
Solar and Power,Inverters,Inverter,Do you have Inverters?,"Yes, Inverters (Inverter) can be searched in the Solar and Power category."
Solar and Power,Inverters,Inverter,Nahitaji Inverter.,"Ndiyo, Inverter (Inverters) ipo kwenye category ya Solar and Power."
Solar and Power,Inverters,Inverter,Bei ya Inverter ni kiasi gani?,"Bei ya Inverter inategemea brand, size, quantity, and seller. Please specify the preferred brand or size."
Solar and Power,Inverters,Inverter,Can you recommend Inverters?,Yes. Please tell me your budget and preferred brand or size so I can recommend a suitable Inverters.
Solar and Power,Inverters,Inverter,Where can I find Inverters?,You can find Inverters under the Solar and Power category. The agent can help compare available options.
Solar and Power,Charge controllers,Charge controller,What is Charge controllers?,Charge controllers (Charge controller) is available under the Solar and Power category.
Solar and Power,Charge controllers,Charge controller,Do you have Charge controllers?,"Yes, Charge controllers (Charge controller) can be searched in the Solar and Power category."
Solar and Power,Charge controllers,Charge controller,Nahitaji Charge controller.,"Ndiyo, Charge controller (Charge controllers) ipo kwenye category ya Solar and Power."
Solar and Power,Charge controllers,Charge controller,Bei ya Charge controller ni kiasi gani?,"Bei ya Charge controller inategemea brand, size, quantity, and seller. Please specify the preferred brand or size."
Solar and Power,Charge controllers,Charge controller,Can you recommend Charge controllers?,Yes. Please tell me your budget and preferred brand or size so I can recommend a suitable Charge controllers.
Solar and Power,Charge controllers,Charge controller,Where can I find Charge controllers?,You can find Charge controllers under the Solar and Power category. The agent can help compare available options.
Solar and Power,Power banks,Power bank,What is Power banks?,Power banks (Power bank) is available under the Solar and Power category.
Solar and Power,Power banks,Power bank,Do you have Power banks?,"Yes, Power banks (Power bank) can be searched in the Solar and Power category."
Solar and Power,Power banks,Power bank,Nahitaji Power bank.,"Ndiyo, Power bank (Power banks) ipo kwenye category ya Solar and Power."
Solar and Power,Power banks,Power bank,Bei ya Power bank ni kiasi gani?,"Bei ya Power bank inategemea brand, size, quantity, and seller. Please specify the preferred brand or size."
Solar and Power,Power banks,Power bank,Can you recommend Power banks?,Yes. Please tell me your budget and preferred brand or size so I can recommend a suitable Power banks.
Solar and Power,Power banks,Power bank,Where can I find Power banks?,You can find Power banks under the Solar and Power category. The agent can help compare available options.
Solar and Power,Generators,Generator,What is Generators?,Generators (Generator) is available under the Solar and Power category.
Solar and Power,Generators,Generator,Do you have Generators?,"Yes, Generators (Generator) can be searched in the Solar and Power category."
Solar and Power,Generators,Generator,Nahitaji Generator.,"Ndiyo, Generator (Generators) ipo kwenye category ya Solar and Power."
Solar and Power,Generators,Generator,Bei ya Generator ni kiasi gani?,"Bei ya Generator inategemea brand, size, quantity, and seller. Please specify the preferred brand or size."
Solar and Power,Generators,Generator,Can you recommend Generators?,Yes. Please tell me your budget and preferred brand or size so I can recommend a suitable Generators.
Solar and Power,Generators,Generator,Where can I find Generators?,You can find Generators under the Solar and Power category. The agent can help compare available options.
Solar and Power,Extension cables,Kebo za kuongeza,What is Extension cables?,Extension cables (Kebo za kuongeza) is available under the Solar and Power category.
Solar and Power,Extension cables,Kebo za kuongeza,Do you have Extension cables?,"Yes, Extension cables (Kebo za kuongeza) can be searched in the Solar and Power category."
Solar and Power,Extension cables,Kebo za kuongeza,Nahitaji Kebo za kuongeza.,"Ndiyo, Kebo za kuongeza (Extension cables) ipo kwenye category ya Solar and Power."
Solar and Power,Extension cables,Kebo za kuongeza,Bei ya Kebo za kuongeza ni kiasi gani?,"Bei ya Kebo za kuongeza inategemea brand, size, quantity, and seller. Please specify the preferred brand or size."
Solar and Power,Extension cables,Kebo za kuongeza,Can you recommend Extension cables?,Yes. Please tell me your budget and preferred brand or size so I can recommend a suitable Extension cables.
Solar and Power,Extension cables,Kebo za kuongeza,Where can I find Extension cables?,You can find Extension cables under the Solar and Power category. The agent can help compare available options.
Solar and Power,Electric bulbs,Balbu,What is Electric bulbs?,Electric bulbs (Balbu) is available under the Solar and Power category.
Solar and Power,Electric bulbs,Balbu,Do you have Electric bulbs?,"Yes, Electric bulbs (Balbu) can be searched in the Solar and Power category."
Solar and Power,Electric bulbs,Balbu,Nahitaji Balbu.,"Ndiyo, Balbu (Electric bulbs) ipo kwenye category ya Solar and Power."
Solar and Power,Electric bulbs,Balbu,Bei ya Balbu ni kiasi gani?,"Bei ya Balbu inategemea brand, size, quantity, and seller. Please specify the preferred brand or size."
Solar and Power,Electric bulbs,Balbu,Can you recommend Electric bulbs?,Yes. Please tell me your budget and preferred brand or size so I can recommend a suitable Electric bulbs.
Solar and Power,Electric bulbs,Balbu,Where can I find Electric bulbs?,You can find Electric bulbs under the Solar and Power category. The agent can help compare available options.
Solar and Power,Rechargeable lamps,Taa zinazochajiwa,What is Rechargeable lamps?,Rechargeable lamps (Taa zinazochajiwa) is available under the Solar and Power category.
Solar and Power,Rechargeable lamps,Taa zinazochajiwa,Do you have Rechargeable lamps?,"Yes, Rechargeable lamps (Taa zinazochajiwa) can be searched in the Solar and Power category."
Solar and Power,Rechargeable lamps,Taa zinazochajiwa,Nahitaji Taa zinazochajiwa.,"Ndiyo, Taa zinazochajiwa (Rechargeable lamps) ipo kwenye category ya Solar and Power."
Solar and Power,Rechargeable lamps,Taa zinazochajiwa,Bei ya Taa zinazochajiwa ni kiasi gani?,"Bei ya Taa zinazochajiwa inategemea brand, size, quantity, and seller. Please specify the preferred brand or size."
Solar and Power,Rechargeable lamps,Taa zinazochajiwa,Can you recommend Rechargeable lamps?,Yes. Please tell me your budget and preferred brand or size so I can recommend a suitable Rechargeable lamps.
Solar and Power,Rechargeable lamps,Taa zinazochajiwa,Where can I find Rechargeable lamps?,You can find Rechargeable lamps under the Solar and Power category. The agent can help compare available options.
Baby Products,Diapers,Diapers,What is Diapers?,Diapers (Diapers) is available under the Baby Products category.
Baby Products,Diapers,Diapers,Do you have Diapers?,"Yes, Diapers (Diapers) can be searched in the Baby Products category."
Baby Products,Diapers,Diapers,Nahitaji Diapers.,"Ndiyo, Diapers (Diapers) ipo kwenye category ya Baby Products."
Baby Products,Diapers,Diapers,Bei ya Diapers ni kiasi gani?,"Bei ya Diapers inategemea brand, size, quantity, and seller. Please specify the preferred brand or size."
Baby Products,Diapers,Diapers,Can you recommend Diapers?,Yes. Please tell me your budget and preferred brand or size so I can recommend a suitable Diapers.
Baby Products,Diapers,Diapers,Where can I find Diapers?,You can find Diapers under the Baby Products category. The agent can help compare available options.
Baby Products,Baby formula,Maziwa ya watoto,What is Baby formula?,Baby formula (Maziwa ya watoto) is available under the Baby Products category.
Baby Products,Baby formula,Maziwa ya watoto,Do you have Baby formula?,"Yes, Baby formula (Maziwa ya watoto) can be searched in the Baby Products category."
Baby Products,Baby formula,Maziwa ya watoto,Nahitaji Maziwa ya watoto.,"Ndiyo, Maziwa ya watoto (Baby formula) ipo kwenye category ya Baby Products."
Baby Products,Baby formula,Maziwa ya watoto,Bei ya Maziwa ya watoto ni kiasi gani?,"Bei ya Maziwa ya watoto inategemea brand, size, quantity, and seller. Please specify the preferred brand or size."
Baby Products,Baby formula,Maziwa ya watoto,Can you recommend Baby formula?,Yes. Please tell me your budget and preferred brand or size so I can recommend a suitable Baby formula.
Baby Products,Baby formula,Maziwa ya watoto,Where can I find Baby formula?,You can find Baby formula under the Baby Products category. The agent can help compare available options.
Baby Products,Baby clothes,Nguo za watoto,What is Baby clothes?,Baby clothes (Nguo za watoto) is available under the Baby Products category.
Baby Products,Baby clothes,Nguo za watoto,Do you have Baby clothes?,"Yes, Baby clothes (Nguo za watoto) can be searched in the Baby Products category."
Baby Products,Baby clothes,Nguo za watoto,Nahitaji Nguo za watoto.,"Ndiyo, Nguo za watoto (Baby clothes) ipo kwenye category ya Baby Products."
Baby Products,Baby clothes,Nguo za watoto,Bei ya Nguo za watoto ni kiasi gani?,"Bei ya Nguo za watoto inategemea brand, size, quantity, and seller. Please specify the preferred brand or size."
Baby Products,Baby clothes,Nguo za watoto,Can you recommend Baby clothes?,Yes. Please tell me your budget and preferred brand or size so I can recommend a suitable Baby clothes.
Baby Products,Baby clothes,Nguo za watoto,Where can I find Baby clothes?,You can find Baby clothes under the Baby Products category. The agent can help compare available options.
Baby Products,Baby soap,Sabuni ya watoto,What is Baby soap?,Baby soap (Sabuni ya watoto) is available under the Baby Products category.
Baby Products,Baby soap,Sabuni ya watoto,Do you have Baby soap?,"Yes, Baby soap (Sabuni ya watoto) can be searched in the Baby Products category."
Baby Products,Baby soap,Sabuni ya watoto,Nahitaji Sabuni ya watoto.,"Ndiyo, Sabuni ya watoto (Baby soap) ipo kwenye category ya Baby Products."
Baby Products,Baby soap,Sabuni ya watoto,Bei ya Sabuni ya watoto ni kiasi gani?,"Bei ya Sabuni ya watoto inategemea brand, size, quantity, and seller. Please specify the preferred brand or size."
Baby Products,Baby soap,Sabuni ya watoto,Can you recommend Baby soap?,Yes. Please tell me your budget and preferred brand or size so I can recommend a suitable Baby soap.
Baby Products,Baby soap,Sabuni ya watoto,Where can I find Baby soap?,You can find Baby soap under the Baby Products category. The agent can help compare available options.
Baby Products,Baby lotion,Lotion ya watoto,What is Baby lotion?,Baby lotion (Lotion ya watoto) is available under the Baby Products category.
Baby Products,Baby lotion,Lotion ya watoto,Do you have Baby lotion?,"Yes, Baby lotion (Lotion ya watoto) can be searched in the Baby Products category."
Baby Products,Baby lotion,Lotion ya watoto,Nahitaji Lotion ya watoto.,"Ndiyo, Lotion ya watoto (Baby lotion) ipo kwenye category ya Baby Products."
Baby Products,Baby lotion,Lotion ya watoto,Bei ya Lotion ya watoto ni kiasi gani?,"Bei ya Lotion ya watoto inategemea brand, size, quantity, and seller. Please specify the preferred brand or size."
Baby Products,Baby lotion,Lotion ya watoto,Can you recommend Baby lotion?,Yes. Please tell me your budget and preferred brand or size so I can recommend a suitable Baby lotion.
Baby Products,Baby lotion,Lotion ya watoto,Where can I find Baby lotion?,You can find Baby lotion under the Baby Products category. The agent can help compare available options.
Baby Products,Baby wipes,Baby wipes,What is Baby wipes?,Baby wipes (Baby wipes) is available under the Baby Products category.
Baby Products,Baby wipes,Baby wipes,Do you have Baby wipes?,"Yes, Baby wipes (Baby wipes) can be searched in the Baby Products category."
Baby Products,Baby wipes,Baby wipes,Nahitaji Baby wipes.,"Ndiyo, Baby wipes (Baby wipes) ipo kwenye category ya Baby Products."
Baby Products,Baby wipes,Baby wipes,Bei ya Baby wipes ni kiasi gani?,"Bei ya Baby wipes inategemea brand, size, quantity, and seller. Please specify the preferred brand or size."
Baby Products,Baby wipes,Baby wipes,Can you recommend Baby wipes?,Yes. Please tell me your budget and preferred brand or size so I can recommend a suitable Baby wipes.
Baby Products,Baby wipes,Baby wipes,Where can I find Baby wipes?,You can find Baby wipes under the Baby Products category. The agent can help compare available options.
Baby Products,Baby bottles,Chupa za watoto,What is Baby bottles?,Baby bottles (Chupa za watoto) is available under the Baby Products category.
Baby Products,Baby bottles,Chupa za watoto,Do you have Baby bottles?,"Yes, Baby bottles (Chupa za watoto) can be searched in the Baby Products category."
Baby Products,Baby bottles,Chupa za watoto,Nahitaji Chupa za watoto.,"Ndiyo, Chupa za watoto (Baby bottles) ipo kwenye category ya Baby Products."
Baby Products,Baby bottles,Chupa za watoto,Bei ya Chupa za watoto ni kiasi gani?,"Bei ya Chupa za watoto inategemea brand, size, quantity, and seller. Please specify the preferred brand or size."
Baby Products,Baby bottles,Chupa za watoto,Can you recommend Baby bottles?,Yes. Please tell me your budget and preferred brand or size so I can recommend a suitable Baby bottles.
Baby Products,Baby bottles,Chupa za watoto,Where can I find Baby bottles?,You can find Baby bottles under the Baby Products category. The agent can help compare available options.
Baby Products,Baby food,Chakula cha watoto,What is Baby food?,Baby food (Chakula cha watoto) is available under the Baby Products category.
Baby Products,Baby food,Chakula cha watoto,Do you have Baby food?,"Yes, Baby food (Chakula cha watoto) can be searched in the Baby Products category."
Baby Products,Baby food,Chakula cha watoto,Nahitaji Chakula cha watoto.,"Ndiyo, Chakula cha watoto (Baby food) ipo kwenye category ya Baby Products."
Baby Products,Baby food,Chakula cha watoto,Bei ya Chakula cha watoto ni kiasi gani?,"Bei ya Chakula cha watoto inategemea brand, size, quantity, and seller. Please specify the preferred brand or size."
Baby Products,Baby food,Chakula cha watoto,Can you recommend Baby food?,Yes. Please tell me your budget and preferred brand or size so I can recommend a suitable Baby food.
Baby Products,Baby food,Chakula cha watoto,Where can I find Baby food?,You can find Baby food under the Baby Products category. The agent can help compare available options.
Baby Products,Baby shoes,Viatu vya watoto,What is Baby shoes?,Baby shoes (Viatu vya watoto) is available under the Baby Products category.
Baby Products,Baby shoes,Viatu vya watoto,Do you have Baby shoes?,"Yes, Baby shoes (Viatu vya watoto) can be searched in the Baby Products category."
Baby Products,Baby shoes,Viatu vya watoto,Nahitaji Viatu vya watoto.,"Ndiyo, Viatu vya watoto (Baby shoes) ipo kwenye category ya Baby Products."
Baby Products,Baby shoes,Viatu vya watoto,Bei ya Viatu vya watoto ni kiasi gani?,"Bei ya Viatu vya watoto inategemea brand, size, quantity, and seller. Please specify the preferred brand or size."
Baby Products,Baby shoes,Viatu vya watoto,Can you recommend Baby shoes?,Yes. Please tell me your budget and preferred brand or size so I can recommend a suitable Baby shoes.
Baby Products,Baby shoes,Viatu vya watoto,Where can I find Baby shoes?,You can find Baby shoes under the Baby Products category. The agent can help compare available options.
Baby Products,Mosquito nets,Vyandarua,What is Mosquito nets?,Mosquito nets (Vyandarua) is available under the Baby Products category.
Baby Products,Mosquito nets,Vyandarua,Do you have Mosquito nets?,"Yes, Mosquito nets (Vyandarua) can be searched in the Baby Products category."
Baby Products,Mosquito nets,Vyandarua,Nahitaji Vyandarua.,"Ndiyo, Vyandarua (Mosquito nets) ipo kwenye category ya Baby Products."
Baby Products,Mosquito nets,Vyandarua,Bei ya Vyandarua ni kiasi gani?,"Bei ya Vyandarua inategemea brand, size, quantity, and seller. Please specify the preferred brand or size."
Baby Products,Mosquito nets,Vyandarua,Can you recommend Mosquito nets?,Yes. Please tell me your budget and preferred brand or size so I can recommend a suitable Mosquito nets.
Baby Products,Mosquito nets,Vyandarua,Where can I find Mosquito nets?,You can find Mosquito nets under the Baby Products category. The agent can help compare available options.
Stationery and Education,Books,Vitabu,What is Books?,Books (Vitabu) is available under the Stationery and Education category.
Stationery and Education,Books,Vitabu,Do you have Books?,"Yes, Books (Vitabu) can be searched in the Stationery and Education category."
Stationery and Education,Books,Vitabu,Nahitaji Vitabu.,"Ndiyo, Vitabu (Books) ipo kwenye category ya Stationery and Education."
Stationery and Education,Books,Vitabu,Bei ya Vitabu ni kiasi gani?,"Bei ya Vitabu inategemea brand, size, quantity, and seller. Please specify the preferred brand or size."
Stationery and Education,Books,Vitabu,Can you recommend Books?,Yes. Please tell me your budget and preferred brand or size so I can recommend a suitable Books.
Stationery and Education,Books,Vitabu,Where can I find Books?,You can find Books under the Stationery and Education category. The agent can help compare available options.
Stationery and Education,Exercise books,Daftari,What is Exercise books?,Exercise books (Daftari) is available under the Stationery and Education category.
Stationery and Education,Exercise books,Daftari,Do you have Exercise books?,"Yes, Exercise books (Daftari) can be searched in the Stationery and Education category."
Stationery and Education,Exercise books,Daftari,Nahitaji Daftari.,"Ndiyo, Daftari (Exercise books) ipo kwenye category ya Stationery and Education."
Stationery and Education,Exercise books,Daftari,Bei ya Daftari ni kiasi gani?,"Bei ya Daftari inategemea brand, size, quantity, and seller. Please specify the preferred brand or size."
Stationery and Education,Exercise books,Daftari,Can you recommend Exercise books?,Yes. Please tell me your budget and preferred brand or size so I can recommend a suitable Exercise books.
Stationery and Education,Exercise books,Daftari,Where can I find Exercise books?,You can find Exercise books under the Stationery and Education category. The agent can help compare available options.
Stationery and Education,Pens,Kalamu,What is Pens?,Pens (Kalamu) is available under the Stationery and Education category.
Stationery and Education,Pens,Kalamu,Do you have Pens?,"Yes, Pens (Kalamu) can be searched in the Stationery and Education category."
Stationery and Education,Pens,Kalamu,Nahitaji Kalamu.,"Ndiyo, Kalamu (Pens) ipo kwenye category ya Stationery and Education."
Stationery and Education,Pens,Kalamu,Bei ya Kalamu ni kiasi gani?,"Bei ya Kalamu inategemea brand, size, quantity, and seller. Please specify the preferred brand or size."
Stationery and Education,Pens,Kalamu,Can you recommend Pens?,Yes. Please tell me your budget and preferred brand or size so I can recommend a suitable Pens.
Stationery and Education,Pens,Kalamu,Where can I find Pens?,You can find Pens under the Stationery and Education category. The agent can help compare available options.
Stationery and Education,Pencils,Penseli,What is Pencils?,Pencils (Penseli) is available under the Stationery and Education category.
Stationery and Education,Pencils,Penseli,Do you have Pencils?,"Yes, Pencils (Penseli) can be searched in the Stationery and Education category."
Stationery and Education,Pencils,Penseli,Nahitaji Penseli.,"Ndiyo, Penseli (Pencils) ipo kwenye category ya Stationery and Education."
Stationery and Education,Pencils,Penseli,Bei ya Penseli ni kiasi gani?,"Bei ya Penseli inategemea brand, size, quantity, and seller. Please specify the preferred brand or size."
Stationery and Education,Pencils,Penseli,Can you recommend Pencils?,Yes. Please tell me your budget and preferred brand or size so I can recommend a suitable Pencils.
Stationery and Education,Pencils,Penseli,Where can I find Pencils?,You can find Pencils under the Stationery and Education category. The agent can help compare available options.
Stationery and Education,Markers,Marker,What is Markers?,Markers (Marker) is available under the Stationery and Education category.
Stationery and Education,Markers,Marker,Do you have Markers?,"Yes, Markers (Marker) can be searched in the Stationery and Education category."
Stationery and Education,Markers,Marker,Nahitaji Marker.,"Ndiyo, Marker (Markers) ipo kwenye category ya Stationery and Education."
Stationery and Education,Markers,Marker,Bei ya Marker ni kiasi gani?,"Bei ya Marker inategemea brand, size, quantity, and seller. Please specify the preferred brand or size."
Stationery and Education,Markers,Marker,Can you recommend Markers?,Yes. Please tell me your budget and preferred brand or size so I can recommend a suitable Markers.
Stationery and Education,Markers,Marker,Where can I find Markers?,You can find Markers under the Stationery and Education category. The agent can help compare available options.
Stationery and Education,Rulers,Rula,What is Rulers?,Rulers (Rula) is available under the Stationery and Education category.
Stationery and Education,Rulers,Rula,Do you have Rulers?,"Yes, Rulers (Rula) can be searched in the Stationery and Education category."
Stationery and Education,Rulers,Rula,Nahitaji Rula.,"Ndiyo, Rula (Rulers) ipo kwenye category ya Stationery and Education."
Stationery and Education,Rulers,Rula,Bei ya Rula ni kiasi gani?,"Bei ya Rula inategemea brand, size, quantity, and seller. Please specify the preferred brand or size."
Stationery and Education,Rulers,Rula,Can you recommend Rulers?,Yes. Please tell me your budget and preferred brand or size so I can recommend a suitable Rulers.
Stationery and Education,Rulers,Rula,Where can I find Rulers?,You can find Rulers under the Stationery and Education category. The agent can help compare available options.
Stationery and Education,Calculators,Calculator,What is Calculators?,Calculators (Calculator) is available under the Stationery and Education category.
Stationery and Education,Calculators,Calculator,Do you have Calculators?,"Yes, Calculators (Calculator) can be searched in the Stationery and Education category."
Stationery and Education,Calculators,Calculator,Nahitaji Calculator.,"Ndiyo, Calculator (Calculators) ipo kwenye category ya Stationery and Education."
Stationery and Education,Calculators,Calculator,Bei ya Calculator ni kiasi gani?,"Bei ya Calculator inategemea brand, size, quantity, and seller. Please specify the preferred brand or size."
Stationery and Education,Calculators,Calculator,Can you recommend Calculators?,Yes. Please tell me your budget and preferred brand or size so I can recommend a suitable Calculators.
Stationery and Education,Calculators,Calculator,Where can I find Calculators?,You can find Calculators under the Stationery and Education category. The agent can help compare available options.
Stationery and Education,School bags,Begi la shule,What is School bags?,School bags (Begi la shule) is available under the Stationery and Education category.
Stationery and Education,School bags,Begi la shule,Do you have School bags?,"Yes, School bags (Begi la shule) can be searched in the Stationery and Education category."
Stationery and Education,School bags,Begi la shule,Nahitaji Begi la shule.,"Ndiyo, Begi la shule (School bags) ipo kwenye category ya Stationery and Education."
Stationery and Education,School bags,Begi la shule,Bei ya Begi la shule ni kiasi gani?,"Bei ya Begi la shule inategemea brand, size, quantity, and seller. Please specify the preferred brand or size."
Stationery and Education,School bags,Begi la shule,Can you recommend School bags?,Yes. Please tell me your budget and preferred brand or size so I can recommend a suitable School bags.
Stationery and Education,School bags,Begi la shule,Where can I find School bags?,You can find School bags under the Stationery and Education category. The agent can help compare available options.
Stationery and Education,Printing paper,Karatasi za kuchapishia,What is Printing paper?,Printing paper (Karatasi za kuchapishia) is available under the Stationery and Education category.
Stationery and Education,Printing paper,Karatasi za kuchapishia,Do you have Printing paper?,"Yes, Printing paper (Karatasi za kuchapishia) can be searched in the Stationery and Education category."
Stationery and Education,Printing paper,Karatasi za kuchapishia,Nahitaji Karatasi za kuchapishia.,"Ndiyo, Karatasi za kuchapishia (Printing paper) ipo kwenye category ya Stationery and Education."
Stationery and Education,Printing paper,Karatasi za kuchapishia,Bei ya Karatasi za kuchapishia ni kiasi gani?,"Bei ya Karatasi za kuchapishia inategemea brand, size, quantity, and seller. Please specify the preferred brand or size."
Stationery and Education,Printing paper,Karatasi za kuchapishia,Can you recommend Printing paper?,Yes. Please tell me your budget and preferred brand or size so I can recommend a suitable Printing paper.
Stationery and Education,Printing paper,Karatasi za kuchapishia,Where can I find Printing paper?,You can find Printing paper under the Stationery and Education category. The agent can help compare available options.
Stationery and Education,USB flash drives,Flash,What is USB flash drives?,USB flash drives (Flash) is available under the Stationery and Education category.
Stationery and Education,USB flash drives,Flash,Do you have USB flash drives?,"Yes, USB flash drives (Flash) can be searched in the Stationery and Education category."
Stationery and Education,USB flash drives,Flash,Nahitaji Flash.,"Ndiyo, Flash (USB flash drives) ipo kwenye category ya Stationery and Education."
Stationery and Education,USB flash drives,Flash,Bei ya Flash ni kiasi gani?,"Bei ya Flash inategemea brand, size, quantity, and seller. Please specify the preferred brand or size."
Stationery and Education,USB flash drives,Flash,Can you recommend USB flash drives?,Yes. Please tell me your budget and preferred brand or size so I can recommend a suitable USB flash drives.
Stationery and Education,USB flash drives,Flash,Where can I find USB flash drives?,You can find USB flash drives under the Stationery and Education category. The agent can help compare available options.
Stationery and Education,Scientific calculators,Scientific calculator,What is Scientific calculators?,Scientific calculators (Scientific calculator) is available under the Stationery and Education category.
Stationery and Education,Scientific calculators,Scientific calculator,Do you have Scientific calculators?,"Yes, Scientific calculators (Scientific calculator) can be searched in the Stationery and Education category."
Stationery and Education,Scientific calculators,Scientific calculator,Nahitaji Scientific calculator.,"Ndiyo, Scientific calculator (Scientific calculators) ipo kwenye category ya Stationery and Education."
Stationery and Education,Scientific calculators,Scientific calculator,Bei ya Scientific calculator ni kiasi gani?,"Bei ya Scientific calculator inategemea brand, size, quantity, and seller. Please specify the preferred brand or size."
Stationery and Education,Scientific calculators,Scientific calculator,Can you recommend Scientific calculators?,Yes. Please tell me your budget and preferred brand or size so I can recommend a suitable Scientific calculators.
Stationery and Education,Scientific calculators,Scientific calculator,Where can I find Scientific calculators?,You can find Scientific calculators under the Stationery and Education category. The agent can help compare available options.
