category,title,content
products,Is Rice available in stock?,"Yes, Rice is available under the Food and Groceries category. Availability and exact stock levels may vary by seller."
products,Where can I find Rice?,You can find Rice listed under the Food and Groceries category. Our agent can help you compare sellers and options.
products,"Nahitaji Mchele, mnayo?","Ndiyo, Mchele (Rice) inapatikana kwenye category ya Food and Groceries. Upatikanaji unaweza kutofautiana kulingana na muuzaji."
pricing,What is the price of Rice?,"The price of Rice depends on brand, size, quantity, and seller. Please specify your preferred option so we can give you an exact quote."
pricing,Bei ya Mchele ni kiasi gani?,"Bei ya Mchele inategemea aina, ukubwa, kiasi, na muuzaji. Tafadhali eleza mahitaji yako ili tukupatie bei sahihi."
pricing,Do you offer discounts on Rice for bulk orders?,Bulk pricing on Rice may be available depending on the seller. Please share the quantity you need so we can arrange a bulk quote.
products,Is Maize flour available in stock?,"Yes, Maize flour is available under the Food and Groceries category. Availability and exact stock levels may vary by seller."
products,Where can I find Maize flour?,You can find Maize flour listed under the Food and Groceries category. Our agent can help you compare sellers and options.
products,"Nahitaji Unga wa mahindi, mnayo?","Ndiyo, Unga wa mahindi (Maize flour) inapatikana kwenye category ya Food and Groceries. Upatikanaji unaweza kutofautiana kulingana na muuzaji."
pricing,What is the price of Maize flour?,"The price of Maize flour depends on brand, size, quantity, and seller. Please specify your preferred option so we can give you an exact quote."
pricing,Bei ya Unga wa mahindi ni kiasi gani?,"Bei ya Unga wa mahindi inategemea aina, ukubwa, kiasi, na muuzaji. Tafadhali eleza mahitaji yako ili tukupatie bei sahihi."
pricing,Do you offer discounts on Maize flour for bulk orders?,Bulk pricing on Maize flour may be available depending on the seller. Please share the quantity you need so we can arrange a bulk quote.
products,Is Wheat flour available in stock?,"Yes, Wheat flour is available under the Food and Groceries category. Availability and exact stock levels may vary by seller."
products,Where can I find Wheat flour?,You can find Wheat flour listed under the Food and Groceries category. Our agent can help you compare sellers and options.
products,"Nahitaji Unga wa ngano, mnayo?","Ndiyo, Unga wa ngano (Wheat flour) inapatikana kwenye category ya Food and Groceries. Upatikanaji unaweza kutofautiana kulingana na muuzaji."
pricing,What is the price of Wheat flour?,"The price of Wheat flour depends on brand, size, quantity, and seller. Please specify your preferred option so we can give you an exact quote."
pricing,Bei ya Unga wa ngano ni kiasi gani?,"Bei ya Unga wa ngano inategemea aina, ukubwa, kiasi, na muuzaji. Tafadhali eleza mahitaji yako ili tukupatie bei sahihi."
pricing,Do you offer discounts on Wheat flour for bulk orders?,Bulk pricing on Wheat flour may be available depending on the seller. Please share the quantity you need so we can arrange a bulk quote.
products,Is Cooking oil available in stock?,"Yes, Cooking oil is available under the Food and Groceries category. Availability and exact stock levels may vary by seller."
products,Where can I find Cooking oil?,You can find Cooking oil listed under the Food and Groceries category. Our agent can help you compare sellers and options.
products,"Nahitaji Mafuta ya kupikia, mnayo?","Ndiyo, Mafuta ya kupikia (Cooking oil) inapatikana kwenye category ya Food and Groceries. Upatikanaji unaweza kutofautiana kulingana na muuzaji."
pricing,What is the price of Cooking oil?,"The price of Cooking oil depends on brand, size, quantity, and seller. Please specify your preferred option so we can give you an exact quote."
pricing,Bei ya Mafuta ya kupikia ni kiasi gani?,"Bei ya Mafuta ya kupikia inategemea aina, ukubwa, kiasi, na muuzaji. Tafadhali eleza mahitaji yako ili tukupatie bei sahihi."
pricing,Do you offer discounts on Cooking oil for bulk orders?,Bulk pricing on Cooking oil may be available depending on the seller. Please share the quantity you need so we can arrange a bulk quote.
products,Is Sugar available in stock?,"Yes, Sugar is available under the Food and Groceries category. Availability and exact stock levels may vary by seller."
products,Where can I find Sugar?,You can find Sugar listed under the Food and Groceries category. Our agent can help you compare sellers and options.
products,"Nahitaji Sukari, mnayo?","Ndiyo, Sukari (Sugar) inapatikana kwenye category ya Food and Groceries. Upatikanaji unaweza kutofautiana kulingana na muuzaji."
pricing,What is the price of Sugar?,"The price of Sugar depends on brand, size, quantity, and seller. Please specify your preferred option so we can give you an exact quote."
pricing,Bei ya Sukari ni kiasi gani?,"Bei ya Sukari inategemea aina, ukubwa, kiasi, na muuzaji. Tafadhali eleza mahitaji yako ili tukupatie bei sahihi."
pricing,Do you offer discounts on Sugar for bulk orders?,Bulk pricing on Sugar may be available depending on the seller. Please share the quantity you need so we can arrange a bulk quote.
products,Is Salt available in stock?,"Yes, Salt is available under the Food and Groceries category. Availability and exact stock levels may vary by seller."
products,Where can I find Salt?,You can find Salt listed under the Food and Groceries category. Our agent can help you compare sellers and options.
products,"Nahitaji Chumvi, mnayo?","Ndiyo, Chumvi (Salt) inapatikana kwenye category ya Food and Groceries. Upatikanaji unaweza kutofautiana kulingana na muuzaji."
pricing,What is the price of Salt?,"The price of Salt depends on brand, size, quantity, and seller. Please specify your preferred option so we can give you an exact quote."
pricing,Bei ya Chumvi ni kiasi gani?,"Bei ya Chumvi inategemea aina, ukubwa, kiasi, na muuzaji. Tafadhali eleza mahitaji yako ili tukupatie bei sahihi."
pricing,Do you offer discounts on Salt for bulk orders?,Bulk pricing on Salt may be available depending on the seller. Please share the quantity you need so we can arrange a bulk quote.
products,Is Beans available in stock?,"Yes, Beans is available under the Food and Groceries category. Availability and exact stock levels may vary by seller."
products,Where can I find Beans?,You can find Beans listed under the Food and Groceries category. Our agent can help you compare sellers and options.
products,"Nahitaji Maharage, mnayo?","Ndiyo, Maharage (Beans) inapatikana kwenye category ya Food and Groceries. Upatikanaji unaweza kutofautiana kulingana na muuzaji."
pricing,What is the price of Beans?,"The price of Beans depends on brand, size, quantity, and seller. Please specify your preferred option so we can give you an exact quote."
pricing,Bei ya Maharage ni kiasi gani?,"Bei ya Maharage inategemea aina, ukubwa, kiasi, na muuzaji. Tafadhali eleza mahitaji yako ili tukupatie bei sahihi."
pricing,Do you offer discounts on Beans for bulk orders?,Bulk pricing on Beans may be available depending on the seller. Please share the quantity you need so we can arrange a bulk quote.
products,Is Lentils available in stock?,"Yes, Lentils is available under the Food and Groceries category. Availability and exact stock levels may vary by seller."
products,Where can I find Lentils?,You can find Lentils listed under the Food and Groceries category. Our agent can help you compare sellers and options.
products,"Nahitaji Dengu, mnayo?","Ndiyo, Dengu (Lentils) inapatikana kwenye category ya Food and Groceries. Upatikanaji unaweza kutofautiana kulingana na muuzaji."
pricing,What is the price of Lentils?,"The price of Lentils depends on brand, size, quantity, and seller. Please specify your preferred option so we can give you an exact quote."
pricing,Bei ya Dengu ni kiasi gani?,"Bei ya Dengu inategemea aina, ukubwa, kiasi, na muuzaji. Tafadhali eleza mahitaji yako ili tukupatie bei sahihi."
pricing,Do you offer discounts on Lentils for bulk orders?,Bulk pricing on Lentils may be available depending on the seller. Please share the quantity you need so we can arrange a bulk quote.
products,Is Spaghetti available in stock?,"Yes, Spaghetti is available under the Food and Groceries category. Availability and exact stock levels may vary by seller."
products,Where can I find Spaghetti?,You can find Spaghetti listed under the Food and Groceries category. Our agent can help you compare sellers and options.
products,"Nahitaji Spaghetti, mnayo?","Ndiyo, Spaghetti (Spaghetti) inapatikana kwenye category ya Food and Groceries. Upatikanaji unaweza kutofautiana kulingana na muuzaji."
pricing,What is the price of Spaghetti?,"The price of Spaghetti depends on brand, size, quantity, and seller. Please specify your preferred option so we can give you an exact quote."
pricing,Bei ya Spaghetti ni kiasi gani?,"Bei ya Spaghetti inategemea aina, ukubwa, kiasi, na muuzaji. Tafadhali eleza mahitaji yako ili tukupatie bei sahihi."
pricing,Do you offer discounts on Spaghetti for bulk orders?,Bulk pricing on Spaghetti may be available depending on the seller. Please share the quantity you need so we can arrange a bulk quote.
products,Is Macaroni available in stock?,"Yes, Macaroni is available under the Food and Groceries category. Availability and exact stock levels may vary by seller."
products,Where can I find Macaroni?,You can find Macaroni listed under the Food and Groceries category. Our agent can help you compare sellers and options.
products,"Nahitaji Macaroni, mnayo?","Ndiyo, Macaroni (Macaroni) inapatikana kwenye category ya Food and Groceries. Upatikanaji unaweza kutofautiana kulingana na muuzaji."
pricing,What is the price of Macaroni?,"The price of Macaroni depends on brand, size, quantity, and seller. Please specify your preferred option so we can give you an exact quote."
pricing,Bei ya Macaroni ni kiasi gani?,"Bei ya Macaroni inategemea aina, ukubwa, kiasi, na muuzaji. Tafadhali eleza mahitaji yako ili tukupatie bei sahihi."
pricing,Do you offer discounts on Macaroni for bulk orders?,Bulk pricing on Macaroni may be available depending on the seller. Please share the quantity you need so we can arrange a bulk quote.
products,Is Tea available in stock?,"Yes, Tea is available under the Food and Groceries category. Availability and exact stock levels may vary by seller."
products,Where can I find Tea?,You can find Tea listed under the Food and Groceries category. Our agent can help you compare sellers and options.
products,"Nahitaji Chai, mnayo?","Ndiyo, Chai (Tea) inapatikana kwenye category ya Food and Groceries. Upatikanaji unaweza kutofautiana kulingana na muuzaji."
pricing,What is the price of Tea?,"The price of Tea depends on brand, size, quantity, and seller. Please specify your preferred option so we can give you an exact quote."
pricing,Bei ya Chai ni kiasi gani?,"Bei ya Chai inategemea aina, ukubwa, kiasi, na muuzaji. Tafadhali eleza mahitaji yako ili tukupatie bei sahihi."
pricing,Do you offer discounts on Tea for bulk orders?,Bulk pricing on Tea may be available depending on the seller. Please share the quantity you need so we can arrange a bulk quote.
products,Is Coffee available in stock?,"Yes, Coffee is available under the Food and Groceries category. Availability and exact stock levels may vary by seller."
products,Where can I find Coffee?,You can find Coffee listed under the Food and Groceries category. Our agent can help you compare sellers and options.
products,"Nahitaji Kahawa, mnayo?","Ndiyo, Kahawa (Coffee) inapatikana kwenye category ya Food and Groceries. Upatikanaji unaweza kutofautiana kulingana na muuzaji."
pricing,What is the price of Coffee?,"The price of Coffee depends on brand, size, quantity, and seller. Please specify your preferred option so we can give you an exact quote."
pricing,Bei ya Kahawa ni kiasi gani?,"Bei ya Kahawa inategemea aina, ukubwa, kiasi, na muuzaji. Tafadhali eleza mahitaji yako ili tukupatie bei sahihi."
pricing,Do you offer discounts on Coffee for bulk orders?,Bulk pricing on Coffee may be available depending on the seller. Please share the quantity you need so we can arrange a bulk quote.
products,Is Milk available in stock?,"Yes, Milk is available under the Food and Groceries category. Availability and exact stock levels may vary by seller."
products,Where can I find Milk?,You can find Milk listed under the Food and Groceries category. Our agent can help you compare sellers and options.
products,"Nahitaji Maziwa, mnayo?","Ndiyo, Maziwa (Milk) inapatikana kwenye category ya Food and Groceries. Upatikanaji unaweza kutofautiana kulingana na muuzaji."
pricing,What is the price of Milk?,"The price of Milk depends on brand, size, quantity, and seller. Please specify your preferred option so we can give you an exact quote."
pricing,Bei ya Maziwa ni kiasi gani?,"Bei ya Maziwa inategemea aina, ukubwa, kiasi, na muuzaji. Tafadhali eleza mahitaji yako ili tukupatie bei sahihi."
pricing,Do you offer discounts on Milk for bulk orders?,Bulk pricing on Milk may be available depending on the seller. Please share the quantity you need so we can arrange a bulk quote.
products,Is Powdered milk available in stock?,"Yes, Powdered milk is available under the Food and Groceries category. Availability and exact stock levels may vary by seller."
products,Where can I find Powdered milk?,You can find Powdered milk listed under the Food and Groceries category. Our agent can help you compare sellers and options.
products,"Nahitaji Maziwa ya unga, mnayo?","Ndiyo, Maziwa ya unga (Powdered milk) inapatikana kwenye category ya Food and Groceries. Upatikanaji unaweza kutofautiana kulingana na muuzaji."
pricing,What is the price of Powdered milk?,"The price of Powdered milk depends on brand, size, quantity, and seller. Please specify your preferred option so we can give you an exact quote."
pricing,Bei ya Maziwa ya unga ni kiasi gani?,"Bei ya Maziwa ya unga inategemea aina, ukubwa, kiasi, na muuzaji. Tafadhali eleza mahitaji yako ili tukupatie bei sahihi."
pricing,Do you offer discounts on Powdered milk for bulk orders?,Bulk pricing on Powdered milk may be available depending on the seller. Please share the quantity you need so we can arrange a bulk quote.
products,Is Eggs available in stock?,"Yes, Eggs is available under the Food and Groceries category. Availability and exact stock levels may vary by seller."
products,Where can I find Eggs?,You can find Eggs listed under the Food and Groceries category. Our agent can help you compare sellers and options.
products,"Nahitaji Mayai, mnayo?","Ndiyo, Mayai (Eggs) inapatikana kwenye category ya Food and Groceries. Upatikanaji unaweza kutofautiana kulingana na muuzaji."
pricing,What is the price of Eggs?,"The price of Eggs depends on brand, size, quantity, and seller. Please specify your preferred option so we can give you an exact quote."
pricing,Bei ya Mayai ni kiasi gani?,"Bei ya Mayai inategemea aina, ukubwa, kiasi, na muuzaji. Tafadhali eleza mahitaji yako ili tukupatie bei sahihi."
pricing,Do you offer discounts on Eggs for bulk orders?,Bulk pricing on Eggs may be available depending on the seller. Please share the quantity you need so we can arrange a bulk quote.
products,Is Bread available in stock?,"Yes, Bread is available under the Food and Groceries category. Availability and exact stock levels may vary by seller."
products,Where can I find Bread?,You can find Bread listed under the Food and Groceries category. Our agent can help you compare sellers and options.
products,"Nahitaji Mkate, mnayo?","Ndiyo, Mkate (Bread) inapatikana kwenye category ya Food and Groceries. Upatikanaji unaweza kutofautiana kulingana na muuzaji."
pricing,What is the price of Bread?,"The price of Bread depends on brand, size, quantity, and seller. Please specify your preferred option so we can give you an exact quote."
pricing,Bei ya Mkate ni kiasi gani?,"Bei ya Mkate inategemea aina, ukubwa, kiasi, na muuzaji. Tafadhali eleza mahitaji yako ili tukupatie bei sahihi."
pricing,Do you offer discounts on Bread for bulk orders?,Bulk pricing on Bread may be available depending on the seller. Please share the quantity you need so we can arrange a bulk quote.
products,Is Biscuits available in stock?,"Yes, Biscuits is available under the Food and Groceries category. Availability and exact stock levels may vary by seller."
products,Where can I find Biscuits?,You can find Biscuits listed under the Food and Groceries category. Our agent can help you compare sellers and options.
products,"Nahitaji Biskuti, mnayo?","Ndiyo, Biskuti (Biscuits) inapatikana kwenye category ya Food and Groceries. Upatikanaji unaweza kutofautiana kulingana na muuzaji."
pricing,What is the price of Biscuits?,"The price of Biscuits depends on brand, size, quantity, and seller. Please specify your preferred option so we can give you an exact quote."
pricing,Bei ya Biskuti ni kiasi gani?,"Bei ya Biskuti inategemea aina, ukubwa, kiasi, na muuzaji. Tafadhali eleza mahitaji yako ili tukupatie bei sahihi."
pricing,Do you offer discounts on Biscuits for bulk orders?,Bulk pricing on Biscuits may be available depending on the seller. Please share the quantity you need so we can arrange a bulk quote.
products,Is Peanut butter available in stock?,"Yes, Peanut butter is available under the Food and Groceries category. Availability and exact stock levels may vary by seller."
products,Where can I find Peanut butter?,You can find Peanut butter listed under the Food and Groceries category. Our agent can help you compare sellers and options.
products,"Nahitaji Siagi ya karanga, mnayo?","Ndiyo, Siagi ya karanga (Peanut butter) inapatikana kwenye category ya Food and Groceries. Upatikanaji unaweza kutofautiana kulingana na muuzaji."
pricing,What is the price of Peanut butter?,"The price of Peanut butter depends on brand, size, quantity, and seller. Please specify your preferred option so we can give you an exact quote."
pricing,Bei ya Siagi ya karanga ni kiasi gani?,"Bei ya Siagi ya karanga inategemea aina, ukubwa, kiasi, na muuzaji. Tafadhali eleza mahitaji yako ili tukupatie bei sahihi."
pricing,Do you offer discounts on Peanut butter for bulk orders?,Bulk pricing on Peanut butter may be available depending on the seller. Please share the quantity you need so we can arrange a bulk quote.
products,Is Margarine available in stock?,"Yes, Margarine is available under the Food and Groceries category. Availability and exact stock levels may vary by seller."
products,Where can I find Margarine?,You can find Margarine listed under the Food and Groceries category. Our agent can help you compare sellers and options.
products,"Nahitaji Siagi ya kupaka, mnayo?","Ndiyo, Siagi ya kupaka (Margarine) inapatikana kwenye category ya Food and Groceries. Upatikanaji unaweza kutofautiana kulingana na muuzaji."
pricing,What is the price of Margarine?,"The price of Margarine depends on brand, size, quantity, and seller. Please specify your preferred option so we can give you an exact quote."
pricing,Bei ya Siagi ya kupaka ni kiasi gani?,"Bei ya Siagi ya kupaka inategemea aina, ukubwa, kiasi, na muuzaji. Tafadhali eleza mahitaji yako ili tukupatie bei sahihi."
pricing,Do you offer discounts on Margarine for bulk orders?,Bulk pricing on Margarine may be available depending on the seller. Please share the quantity you need so we can arrange a bulk quote.
products,Is Tomato sauce available in stock?,"Yes, Tomato sauce is available under the Food and Groceries category. Availability and exact stock levels may vary by seller."
products,Where can I find Tomato sauce?,You can find Tomato sauce listed under the Food and Groceries category. Our agent can help you compare sellers and options.
products,"Nahitaji Mchuzi wa nyanya, mnayo?","Ndiyo, Mchuzi wa nyanya (Tomato sauce) inapatikana kwenye category ya Food and Groceries. Upatikanaji unaweza kutofautiana kulingana na muuzaji."
pricing,What is the price of Tomato sauce?,"The price of Tomato sauce depends on brand, size, quantity, and seller. Please specify your preferred option so we can give you an exact quote."
pricing,Bei ya Mchuzi wa nyanya ni kiasi gani?,"Bei ya Mchuzi wa nyanya inategemea aina, ukubwa, kiasi, na muuzaji. Tafadhali eleza mahitaji yako ili tukupatie bei sahihi."
pricing,Do you offer discounts on Tomato sauce for bulk orders?,Bulk pricing on Tomato sauce may be available depending on the seller. Please share the quantity you need so we can arrange a bulk quote.
products,Is Spices available in stock?,"Yes, Spices is available under the Food and Groceries category. Availability and exact stock levels may vary by seller."
products,Where can I find Spices?,You can find Spices listed under the Food and Groceries category. Our agent can help you compare sellers and options.
products,"Nahitaji Viungo, mnayo?","Ndiyo, Viungo (Spices) inapatikana kwenye category ya Food and Groceries. Upatikanaji unaweza kutofautiana kulingana na muuzaji."
pricing,What is the price of Spices?,"The price of Spices depends on brand, size, quantity, and seller. Please specify your preferred option so we can give you an exact quote."
pricing,Bei ya Viungo ni kiasi gani?,"Bei ya Viungo inategemea aina, ukubwa, kiasi, na muuzaji. Tafadhali eleza mahitaji yako ili tukupatie bei sahihi."
pricing,Do you offer discounts on Spices for bulk orders?,Bulk pricing on Spices may be available depending on the seller. Please share the quantity you need so we can arrange a bulk quote.
products,Is Onions available in stock?,"Yes, Onions is available under the Food and Groceries category. Availability and exact stock levels may vary by seller."
products,Where can I find Onions?,You can find Onions listed under the Food and Groceries category. Our agent can help you compare sellers and options.
products,"Nahitaji Vitunguu, mnayo?","Ndiyo, Vitunguu (Onions) inapatikana kwenye category ya Food and Groceries. Upatikanaji unaweza kutofautiana kulingana na muuzaji."
pricing,What is the price of Onions?,"The price of Onions depends on brand, size, quantity, and seller. Please specify your preferred option so we can give you an exact quote."
pricing,Bei ya Vitunguu ni kiasi gani?,"Bei ya Vitunguu inategemea aina, ukubwa, kiasi, na muuzaji. Tafadhali eleza mahitaji yako ili tukupatie bei sahihi."
pricing,Do you offer discounts on Onions for bulk orders?,Bulk pricing on Onions may be available depending on the seller. Please share the quantity you need so we can arrange a bulk quote.
products,Is Tomatoes available in stock?,"Yes, Tomatoes is available under the Food and Groceries category. Availability and exact stock levels may vary by seller."
products,Where can I find Tomatoes?,You can find Tomatoes listed under the Food and Groceries category. Our agent can help you compare sellers and options.
products,"Nahitaji Nyanya, mnayo?","Ndiyo, Nyanya (Tomatoes) inapatikana kwenye category ya Food and Groceries. Upatikanaji unaweza kutofautiana kulingana na muuzaji."
pricing,What is the price of Tomatoes?,"The price of Tomatoes depends on brand, size, quantity, and seller. Please specify your preferred option so we can give you an exact quote."
pricing,Bei ya Nyanya ni kiasi gani?,"Bei ya Nyanya inategemea aina, ukubwa, kiasi, na muuzaji. Tafadhali eleza mahitaji yako ili tukupatie bei sahihi."
pricing,Do you offer discounts on Tomatoes for bulk orders?,Bulk pricing on Tomatoes may be available depending on the seller. Please share the quantity you need so we can arrange a bulk quote.
products,Is Potatoes available in stock?,"Yes, Potatoes is available under the Food and Groceries category. Availability and exact stock levels may vary by seller."
products,Where can I find Potatoes?,You can find Potatoes listed under the Food and Groceries category. Our agent can help you compare sellers and options.
products,"Nahitaji Viazi, mnayo?","Ndiyo, Viazi (Potatoes) inapatikana kwenye category ya Food and Groceries. Upatikanaji unaweza kutofautiana kulingana na muuzaji."
pricing,What is the price of Potatoes?,"The price of Potatoes depends on brand, size, quantity, and seller. Please specify your preferred option so we can give you an exact quote."
pricing,Bei ya Viazi ni kiasi gani?,"Bei ya Viazi inategemea aina, ukubwa, kiasi, na muuzaji. Tafadhali eleza mahitaji yako ili tukupatie bei sahihi."
pricing,Do you offer discounts on Potatoes for bulk orders?,Bulk pricing on Potatoes may be available depending on the seller. Please share the quantity you need so we can arrange a bulk quote.
products,Is Bananas available in stock?,"Yes, Bananas is available under the Food and Groceries category. Availability and exact stock levels may vary by seller."
products,Where can I find Bananas?,You can find Bananas listed under the Food and Groceries category. Our agent can help you compare sellers and options.
products,"Nahitaji Ndizi, mnayo?","Ndiyo, Ndizi (Bananas) inapatikana kwenye category ya Food and Groceries. Upatikanaji unaweza kutofautiana kulingana na muuzaji."
pricing,What is the price of Bananas?,"The price of Bananas depends on brand, size, quantity, and seller. Please specify your preferred option so we can give you an exact quote."
pricing,Bei ya Ndizi ni kiasi gani?,"Bei ya Ndizi inategemea aina, ukubwa, kiasi, na muuzaji. Tafadhali eleza mahitaji yako ili tukupatie bei sahihi."
pricing,Do you offer discounts on Bananas for bulk orders?,Bulk pricing on Bananas may be available depending on the seller. Please share the quantity you need so we can arrange a bulk quote.
products,Is Oranges available in stock?,"Yes, Oranges is available under the Food and Groceries category. Availability and exact stock levels may vary by seller."
products,Where can I find Oranges?,You can find Oranges listed under the Food and Groceries category. Our agent can help you compare sellers and options.
products,"Nahitaji Machungwa, mnayo?","Ndiyo, Machungwa (Oranges) inapatikana kwenye category ya Food and Groceries. Upatikanaji unaweza kutofautiana kulingana na muuzaji."
pricing,What is the price of Oranges?,"The price of Oranges depends on brand, size, quantity, and seller. Please specify your preferred option so we can give you an exact quote."
pricing,Bei ya Machungwa ni kiasi gani?,"Bei ya Machungwa inategemea aina, ukubwa, kiasi, na muuzaji. Tafadhali eleza mahitaji yako ili tukupatie bei sahihi."
pricing,Do you offer discounts on Oranges for bulk orders?,Bulk pricing on Oranges may be available depending on the seller. Please share the quantity you need so we can arrange a bulk quote.
products,Is Mangoes available in stock?,"Yes, Mangoes is available under the Food and Groceries category. Availability and exact stock levels may vary by seller."
products,Where can I find Mangoes?,You can find Mangoes listed under the Food and Groceries category. Our agent can help you compare sellers and options.
products,"Nahitaji Maembe, mnayo?","Ndiyo, Maembe (Mangoes) inapatikana kwenye category ya Food and Groceries. Upatikanaji unaweza kutofautiana kulingana na muuzaji."
pricing,What is the price of Mangoes?,"The price of Mangoes depends on brand, size, quantity, and seller. Please specify your preferred option so we can give you an exact quote."
pricing,Bei ya Maembe ni kiasi gani?,"Bei ya Maembe inategemea aina, ukubwa, kiasi, na muuzaji. Tafadhali eleza mahitaji yako ili tukupatie bei sahihi."
pricing,Do you offer discounts on Mangoes for bulk orders?,Bulk pricing on Mangoes may be available depending on the seller. Please share the quantity you need so we can arrange a bulk quote.
products,Is Avocados available in stock?,"Yes, Avocados is available under the Food and Groceries category. Availability and exact stock levels may vary by seller."
products,Where can I find Avocados?,You can find Avocados listed under the Food and Groceries category. Our agent can help you compare sellers and options.
products,"Nahitaji Parachichi, mnayo?","Ndiyo, Parachichi (Avocados) inapatikana kwenye category ya Food and Groceries. Upatikanaji unaweza kutofautiana kulingana na muuzaji."
pricing,What is the price of Avocados?,"The price of Avocados depends on brand, size, quantity, and seller. Please specify your preferred option so we can give you an exact quote."
pricing,Bei ya Parachichi ni kiasi gani?,"Bei ya Parachichi inategemea aina, ukubwa, kiasi, na muuzaji. Tafadhali eleza mahitaji yako ili tukupatie bei sahihi."
pricing,Do you offer discounts on Avocados for bulk orders?,Bulk pricing on Avocados may be available depending on the seller. Please share the quantity you need so we can arrange a bulk quote.
products,Is Chicken available in stock?,"Yes, Chicken is available under the Food and Groceries category. Availability and exact stock levels may vary by seller."
products,Where can I find Chicken?,You can find Chicken listed under the Food and Groceries category. Our agent can help you compare sellers and options.
products,"Nahitaji Kuku, mnayo?","Ndiyo, Kuku (Chicken) inapatikana kwenye category ya Food and Groceries. Upatikanaji unaweza kutofautiana kulingana na muuzaji."
pricing,What is the price of Chicken?,"The price of Chicken depends on brand, size, quantity, and seller. Please specify your preferred option so we can give you an exact quote."
pricing,Bei ya Kuku ni kiasi gani?,"Bei ya Kuku inategemea aina, ukubwa, kiasi, na muuzaji. Tafadhali eleza mahitaji yako ili tukupatie bei sahihi."
pricing,Do you offer discounts on Chicken for bulk orders?,Bulk pricing on Chicken may be available depending on the seller. Please share the quantity you need so we can arrange a bulk quote.
products,Is Beef available in stock?,"Yes, Beef is available under the Food and Groceries category. Availability and exact stock levels may vary by seller."
products,Where can I find Beef?,You can find Beef listed under the Food and Groceries category. Our agent can help you compare sellers and options.
products,"Nahitaji Nyama ya ng'ombe, mnayo?","Ndiyo, Nyama ya ng'ombe (Beef) inapatikana kwenye category ya Food and Groceries. Upatikanaji unaweza kutofautiana kulingana na muuzaji."
pricing,What is the price of Beef?,"The price of Beef depends on brand, size, quantity, and seller. Please specify your preferred option so we can give you an exact quote."
pricing,Bei ya Nyama ya ng'ombe ni kiasi gani?,"Bei ya Nyama ya ng'ombe inategemea aina, ukubwa, kiasi, na muuzaji. Tafadhali eleza mahitaji yako ili tukupatie bei sahihi."
pricing,Do you offer discounts on Beef for bulk orders?,Bulk pricing on Beef may be available depending on the seller. Please share the quantity you need so we can arrange a bulk quote.
products,Is Fish available in stock?,"Yes, Fish is available under the Food and Groceries category. Availability and exact stock levels may vary by seller."
products,Where can I find Fish?,You can find Fish listed under the Food and Groceries category. Our agent can help you compare sellers and options.
products,"Nahitaji Samaki, mnayo?","Ndiyo, Samaki (Fish) inapatikana kwenye category ya Food and Groceries. Upatikanaji unaweza kutofautiana kulingana na muuzaji."
pricing,What is the price of Fish?,"The price of Fish depends on brand, size, quantity, and seller. Please specify your preferred option so we can give you an exact quote."
pricing,Bei ya Samaki ni kiasi gani?,"Bei ya Samaki inategemea aina, ukubwa, kiasi, na muuzaji. Tafadhali eleza mahitaji yako ili tukupatie bei sahihi."
pricing,Do you offer discounts on Fish for bulk orders?,Bulk pricing on Fish may be available depending on the seller. Please share the quantity you need so we can arrange a bulk quote.
products,Is Bottled water available in stock?,"Yes, Bottled water is available under the Drinks category. Availability and exact stock levels may vary by seller."
products,Where can I find Bottled water?,You can find Bottled water listed under the Drinks category. Our agent can help you compare sellers and options.
products,"Nahitaji Maji ya chupa, mnayo?","Ndiyo, Maji ya chupa (Bottled water) inapatikana kwenye category ya Drinks. Upatikanaji unaweza kutofautiana kulingana na muuzaji."
pricing,What is the price of Bottled water?,"The price of Bottled water depends on brand, size, quantity, and seller. Please specify your preferred option so we can give you an exact quote."
pricing,Bei ya Maji ya chupa ni kiasi gani?,"Bei ya Maji ya chupa inategemea aina, ukubwa, kiasi, na muuzaji. Tafadhali eleza mahitaji yako ili tukupatie bei sahihi."
pricing,Do you offer discounts on Bottled water for bulk orders?,Bulk pricing on Bottled water may be available depending on the seller. Please share the quantity you need so we can arrange a bulk quote.
products,Is Soda available in stock?,"Yes, Soda is available under the Drinks category. Availability and exact stock levels may vary by seller."
products,Where can I find Soda?,You can find Soda listed under the Drinks category. Our agent can help you compare sellers and options.
products,"Nahitaji Soda, mnayo?","Ndiyo, Soda (Soda) inapatikana kwenye category ya Drinks. Upatikanaji unaweza kutofautiana kulingana na muuzaji."
pricing,What is the price of Soda?,"The price of Soda depends on brand, size, quantity, and seller. Please specify your preferred option so we can give you an exact quote."
pricing,Bei ya Soda ni kiasi gani?,"Bei ya Soda inategemea aina, ukubwa, kiasi, na muuzaji. Tafadhali eleza mahitaji yako ili tukupatie bei sahihi."
pricing,Do you offer discounts on Soda for bulk orders?,Bulk pricing on Soda may be available depending on the seller. Please share the quantity you need so we can arrange a bulk quote.
products,Is Juice available in stock?,"Yes, Juice is available under the Drinks category. Availability and exact stock levels may vary by seller."
products,Where can I find Juice?,You can find Juice listed under the Drinks category. Our agent can help you compare sellers and options.
products,"Nahitaji Juisi, mnayo?","Ndiyo, Juisi (Juice) inapatikana kwenye category ya Drinks. Upatikanaji unaweza kutofautiana kulingana na muuzaji."
pricing,What is the price of Juice?,"The price of Juice depends on brand, size, quantity, and seller. Please specify your preferred option so we can give you an exact quote."
pricing,Bei ya Juisi ni kiasi gani?,"Bei ya Juisi inategemea aina, ukubwa, kiasi, na muuzaji. Tafadhali eleza mahitaji yako ili tukupatie bei sahihi."
pricing,Do you offer discounts on Juice for bulk orders?,Bulk pricing on Juice may be available depending on the seller. Please share the quantity you need so we can arrange a bulk quote.
products,Is Energy drinks available in stock?,"Yes, Energy drinks is available under the Drinks category. Availability and exact stock levels may vary by seller."
products,Where can I find Energy drinks?,You can find Energy drinks listed under the Drinks category. Our agent can help you compare sellers and options.
products,"Nahitaji Vinywaji vya kuongeza nguvu, mnayo?","Ndiyo, Vinywaji vya kuongeza nguvu (Energy drinks) inapatikana kwenye category ya Drinks. Upatikanaji unaweza kutofautiana kulingana na muuzaji."
pricing,What is the price of Energy drinks?,"The price of Energy drinks depends on brand, size, quantity, and seller. Please specify your preferred option so we can give you an exact quote."
pricing,Bei ya Vinywaji vya kuongeza nguvu ni kiasi gani?,"Bei ya Vinywaji vya kuongeza nguvu inategemea aina, ukubwa, kiasi, na muuzaji. Tafadhali eleza mahitaji yako ili tukupatie bei sahihi."
pricing,Do you offer discounts on Energy drinks for bulk orders?,Bulk pricing on Energy drinks may be available depending on the seller. Please share the quantity you need so we can arrange a bulk quote.
products,Is Milk drinks available in stock?,"Yes, Milk drinks is available under the Drinks category. Availability and exact stock levels may vary by seller."
products,Where can I find Milk drinks?,You can find Milk drinks listed under the Drinks category. Our agent can help you compare sellers and options.
products,"Nahitaji Vinywaji vya maziwa, mnayo?","Ndiyo, Vinywaji vya maziwa (Milk drinks) inapatikana kwenye category ya Drinks. Upatikanaji unaweza kutofautiana kulingana na muuzaji."
pricing,What is the price of Milk drinks?,"The price of Milk drinks depends on brand, size, quantity, and seller. Please specify your preferred option so we can give you an exact quote."
pricing,Bei ya Vinywaji vya maziwa ni kiasi gani?,"Bei ya Vinywaji vya maziwa inategemea aina, ukubwa, kiasi, na muuzaji. Tafadhali eleza mahitaji yako ili tukupatie bei sahihi."
pricing,Do you offer discounts on Milk drinks for bulk orders?,Bulk pricing on Milk drinks may be available depending on the seller. Please share the quantity you need so we can arrange a bulk quote.
products,Is Coffee available in stock?,"Yes, Coffee is available under the Drinks category. Availability and exact stock levels may vary by seller."
products,Where can I find Coffee?,You can find Coffee listed under the Drinks category. Our agent can help you compare sellers and options.
products,"Nahitaji Kahawa, mnayo?","Ndiyo, Kahawa (Coffee) inapatikana kwenye category ya Drinks. Upatikanaji unaweza kutofautiana kulingana na muuzaji."
pricing,What is the price of Coffee?,"The price of Coffee depends on brand, size, quantity, and seller. Please specify your preferred option so we can give you an exact quote."
pricing,Bei ya Kahawa ni kiasi gani?,"Bei ya Kahawa inategemea aina, ukubwa, kiasi, na muuzaji. Tafadhali eleza mahitaji yako ili tukupatie bei sahihi."
pricing,Do you offer discounts on Coffee for bulk orders?,Bulk pricing on Coffee may be available depending on the seller. Please share the quantity you need so we can arrange a bulk quote.
products,Is Tea available in stock?,"Yes, Tea is available under the Drinks category. Availability and exact stock levels may vary by seller."
products,Where can I find Tea?,You can find Tea listed under the Drinks category. Our agent can help you compare sellers and options.
products,"Nahitaji Chai, mnayo?","Ndiyo, Chai (Tea) inapatikana kwenye category ya Drinks. Upatikanaji unaweza kutofautiana kulingana na muuzaji."
pricing,What is the price of Tea?,"The price of Tea depends on brand, size, quantity, and seller. Please specify your preferred option so we can give you an exact quote."
pricing,Bei ya Chai ni kiasi gani?,"Bei ya Chai inategemea aina, ukubwa, kiasi, na muuzaji. Tafadhali eleza mahitaji yako ili tukupatie bei sahihi."
pricing,Do you offer discounts on Tea for bulk orders?,Bulk pricing on Tea may be available depending on the seller. Please share the quantity you need so we can arrange a bulk quote.
products,Is Body lotion available in stock?,"Yes, Body lotion is available under the Personal Care and Beauty category. Availability and exact stock levels may vary by seller."
products,Where can I find Body lotion?,You can find Body lotion listed under the Personal Care and Beauty category. Our agent can help you compare sellers and options.
products,"Nahitaji Lotion ya mwili, mnayo?","Ndiyo, Lotion ya mwili (Body lotion) inapatikana kwenye category ya Personal Care and Beauty. Upatikanaji unaweza kutofautiana kulingana na muuzaji."
pricing,What is the price of Body lotion?,"The price of Body lotion depends on brand, size, quantity, and seller. Please specify your preferred option so we can give you an exact quote."
pricing,Bei ya Lotion ya mwili ni kiasi gani?,"Bei ya Lotion ya mwili inategemea aina, ukubwa, kiasi, na muuzaji. Tafadhali eleza mahitaji yako ili tukupatie bei sahihi."
pricing,Do you offer discounts on Body lotion for bulk orders?,Bulk pricing on Body lotion may be available depending on the seller. Please share the quantity you need so we can arrange a bulk quote.
products,Is Body oil available in stock?,"Yes, Body oil is available under the Personal Care and Beauty category. Availability and exact stock levels may vary by seller."
products,Where can I find Body oil?,You can find Body oil listed under the Personal Care and Beauty category. Our agent can help you compare sellers and options.
products,"Nahitaji Mafuta ya mwili, mnayo?","Ndiyo, Mafuta ya mwili (Body oil) inapatikana kwenye category ya Personal Care and Beauty. Upatikanaji unaweza kutofautiana kulingana na muuzaji."
pricing,What is the price of Body oil?,"The price of Body oil depends on brand, size, quantity, and seller. Please specify your preferred option so we can give you an exact quote."
pricing,Bei ya Mafuta ya mwili ni kiasi gani?,"Bei ya Mafuta ya mwili inategemea aina, ukubwa, kiasi, na muuzaji. Tafadhali eleza mahitaji yako ili tukupatie bei sahihi."
pricing,Do you offer discounts on Body oil for bulk orders?,Bulk pricing on Body oil may be available depending on the seller. Please share the quantity you need so we can arrange a bulk quote.
products,Is Petroleum jelly available in stock?,"Yes, Petroleum jelly is available under the Personal Care and Beauty category. Availability and exact stock levels may vary by seller."
products,Where can I find Petroleum jelly?,You can find Petroleum jelly listed under the Personal Care and Beauty category. Our agent can help you compare sellers and options.
products,"Nahitaji Vaseline, mnayo?","Ndiyo, Vaseline (Petroleum jelly) inapatikana kwenye category ya Personal Care and Beauty. Upatikanaji unaweza kutofautiana kulingana na muuzaji."
pricing,What is the price of Petroleum jelly?,"The price of Petroleum jelly depends on brand, size, quantity, and seller. Please specify your preferred option so we can give you an exact quote."
pricing,Bei ya Vaseline ni kiasi gani?,"Bei ya Vaseline inategemea aina, ukubwa, kiasi, na muuzaji. Tafadhali eleza mahitaji yako ili tukupatie bei sahihi."
pricing,Do you offer discounts on Petroleum jelly for bulk orders?,Bulk pricing on Petroleum jelly may be available depending on the seller. Please share the quantity you need so we can arrange a bulk quote.
products,Is Face cream available in stock?,"Yes, Face cream is available under the Personal Care and Beauty category. Availability and exact stock levels may vary by seller."
products,Where can I find Face cream?,You can find Face cream listed under the Personal Care and Beauty category. Our agent can help you compare sellers and options.
products,"Nahitaji Krimu ya uso, mnayo?","Ndiyo, Krimu ya uso (Face cream) inapatikana kwenye category ya Personal Care and Beauty. Upatikanaji unaweza kutofautiana kulingana na muuzaji."
pricing,What is the price of Face cream?,"The price of Face cream depends on brand, size, quantity, and seller. Please specify your preferred option so we can give you an exact quote."
pricing,Bei ya Krimu ya uso ni kiasi gani?,"Bei ya Krimu ya uso inategemea aina, ukubwa, kiasi, na muuzaji. Tafadhali eleza mahitaji yako ili tukupatie bei sahihi."
pricing,Do you offer discounts on Face cream for bulk orders?,Bulk pricing on Face cream may be available depending on the seller. Please share the quantity you need so we can arrange a bulk quote.
products,Is Face wash available in stock?,"Yes, Face wash is available under the Personal Care and Beauty category. Availability and exact stock levels may vary by seller."
products,Where can I find Face wash?,You can find Face wash listed under the Personal Care and Beauty category. Our agent can help you compare sellers and options.
products,"Nahitaji Sabuni ya uso, mnayo?","Ndiyo, Sabuni ya uso (Face wash) inapatikana kwenye category ya Personal Care and Beauty. Upatikanaji unaweza kutofautiana kulingana na muuzaji."
pricing,What is the price of Face wash?,"The price of Face wash depends on brand, size, quantity, and seller. Please specify your preferred option so we can give you an exact quote."
pricing,Bei ya Sabuni ya uso ni kiasi gani?,"Bei ya Sabuni ya uso inategemea aina, ukubwa, kiasi, na muuzaji. Tafadhali eleza mahitaji yako ili tukupatie bei sahihi."
pricing,Do you offer discounts on Face wash for bulk orders?,Bulk pricing on Face wash may be available depending on the seller. Please share the quantity you need so we can arrange a bulk quote.
products,Is Sunscreen available in stock?,"Yes, Sunscreen is available under the Personal Care and Beauty category. Availability and exact stock levels may vary by seller."
products,Where can I find Sunscreen?,You can find Sunscreen listed under the Personal Care and Beauty category. Our agent can help you compare sellers and options.
products,"Nahitaji Mafuta ya kuzuia jua, mnayo?","Ndiyo, Mafuta ya kuzuia jua (Sunscreen) inapatikana kwenye category ya Personal Care and Beauty. Upatikanaji unaweza kutofautiana kulingana na muuzaji."
pricing,What is the price of Sunscreen?,"The price of Sunscreen depends on brand, size, quantity, and seller. Please specify your preferred option so we can give you an exact quote."
pricing,Bei ya Mafuta ya kuzuia jua ni kiasi gani?,"Bei ya Mafuta ya kuzuia jua inategemea aina, ukubwa, kiasi, na muuzaji. Tafadhali eleza mahitaji yako ili tukupatie bei sahihi."
pricing,Do you offer discounts on Sunscreen for bulk orders?,Bulk pricing on Sunscreen may be available depending on the seller. Please share the quantity you need so we can arrange a bulk quote.
products,Is Lip balm available in stock?,"Yes, Lip balm is available under the Personal Care and Beauty category. Availability and exact stock levels may vary by seller."
products,Where can I find Lip balm?,You can find Lip balm listed under the Personal Care and Beauty category. Our agent can help you compare sellers and options.
products,"Nahitaji Mafuta ya midomo, mnayo?","Ndiyo, Mafuta ya midomo (Lip balm) inapatikana kwenye category ya Personal Care and Beauty. Upatikanaji unaweza kutofautiana kulingana na muuzaji."
pricing,What is the price of Lip balm?,"The price of Lip balm depends on brand, size, quantity, and seller. Please specify your preferred option so we can give you an exact quote."
pricing,Bei ya Mafuta ya midomo ni kiasi gani?,"Bei ya Mafuta ya midomo inategemea aina, ukubwa, kiasi, na muuzaji. Tafadhali eleza mahitaji yako ili tukupatie bei sahihi."
pricing,Do you offer discounts on Lip balm for bulk orders?,Bulk pricing on Lip balm may be available depending on the seller. Please share the quantity you need so we can arrange a bulk quote.
products,Is Perfume available in stock?,"Yes, Perfume is available under the Personal Care and Beauty category. Availability and exact stock levels may vary by seller."
products,Where can I find Perfume?,You can find Perfume listed under the Personal Care and Beauty category. Our agent can help you compare sellers and options.
products,"Nahitaji Perfume/Manukato, mnayo?","Ndiyo, Perfume/Manukato (Perfume) inapatikana kwenye category ya Personal Care and Beauty. Upatikanaji unaweza kutofautiana kulingana na muuzaji."
pricing,What is the price of Perfume?,"The price of Perfume depends on brand, size, quantity, and seller. Please specify your preferred option so we can give you an exact quote."
pricing,Bei ya Perfume/Manukato ni kiasi gani?,"Bei ya Perfume/Manukato inategemea aina, ukubwa, kiasi, na muuzaji. Tafadhali eleza mahitaji yako ili tukupatie bei sahihi."
pricing,Do you offer discounts on Perfume for bulk orders?,Bulk pricing on Perfume may be available depending on the seller. Please share the quantity you need so we can arrange a bulk quote.
products,Is Deodorant available in stock?,"Yes, Deodorant is available under the Personal Care and Beauty category. Availability and exact stock levels may vary by seller."
products,Where can I find Deodorant?,You can find Deodorant listed under the Personal Care and Beauty category. Our agent can help you compare sellers and options.
products,"Nahitaji Deodorant, mnayo?","Ndiyo, Deodorant (Deodorant) inapatikana kwenye category ya Personal Care and Beauty. Upatikanaji unaweza kutofautiana kulingana na muuzaji."
pricing,What is the price of Deodorant?,"The price of Deodorant depends on brand, size, quantity, and seller. Please specify your preferred option so we can give you an exact quote."
pricing,Bei ya Deodorant ni kiasi gani?,"Bei ya Deodorant inategemea aina, ukubwa, kiasi, na muuzaji. Tafadhali eleza mahitaji yako ili tukupatie bei sahihi."
pricing,Do you offer discounts on Deodorant for bulk orders?,Bulk pricing on Deodorant may be available depending on the seller. Please share the quantity you need so we can arrange a bulk quote.
products,Is Body spray available in stock?,"Yes, Body spray is available under the Personal Care and Beauty category. Availability and exact stock levels may vary by seller."
products,Where can I find Body spray?,You can find Body spray listed under the Personal Care and Beauty category. Our agent can help you compare sellers and options.
products,"Nahitaji Body spray, mnayo?","Ndiyo, Body spray (Body spray) inapatikana kwenye category ya Personal Care and Beauty. Upatikanaji unaweza kutofautiana kulingana na muuzaji."
pricing,What is the price of Body spray?,"The price of Body spray depends on brand, size, quantity, and seller. Please specify your preferred option so we can give you an exact quote."
pricing,Bei ya Body spray ni kiasi gani?,"Bei ya Body spray inategemea aina, ukubwa, kiasi, na muuzaji. Tafadhali eleza mahitaji yako ili tukupatie bei sahihi."
pricing,Do you offer discounts on Body spray for bulk orders?,Bulk pricing on Body spray may be available depending on the seller. Please share the quantity you need so we can arrange a bulk quote.
products,Is Shower gel available in stock?,"Yes, Shower gel is available under the Personal Care and Beauty category. Availability and exact stock levels may vary by seller."
products,Where can I find Shower gel?,You can find Shower gel listed under the Personal Care and Beauty category. Our agent can help you compare sellers and options.
products,"Nahitaji Shower gel, mnayo?","Ndiyo, Shower gel (Shower gel) inapatikana kwenye category ya Personal Care and Beauty. Upatikanaji unaweza kutofautiana kulingana na muuzaji."
pricing,What is the price of Shower gel?,"The price of Shower gel depends on brand, size, quantity, and seller. Please specify your preferred option so we can give you an exact quote."
pricing,Bei ya Shower gel ni kiasi gani?,"Bei ya Shower gel inategemea aina, ukubwa, kiasi, na muuzaji. Tafadhali eleza mahitaji yako ili tukupatie bei sahihi."
pricing,Do you offer discounts on Shower gel for bulk orders?,Bulk pricing on Shower gel may be available depending on the seller. Please share the quantity you need so we can arrange a bulk quote.
products,Is Soap available in stock?,"Yes, Soap is available under the Personal Care and Beauty category. Availability and exact stock levels may vary by seller."
products,Where can I find Soap?,You can find Soap listed under the Personal Care and Beauty category. Our agent can help you compare sellers and options.
products,"Nahitaji Sabuni, mnayo?","Ndiyo, Sabuni (Soap) inapatikana kwenye category ya Personal Care and Beauty. Upatikanaji unaweza kutofautiana kulingana na muuzaji."
pricing,What is the price of Soap?,"The price of Soap depends on brand, size, quantity, and seller. Please specify your preferred option so we can give you an exact quote."
pricing,Bei ya Sabuni ni kiasi gani?,"Bei ya Sabuni inategemea aina, ukubwa, kiasi, na muuzaji. Tafadhali eleza mahitaji yako ili tukupatie bei sahihi."
pricing,Do you offer discounts on Soap for bulk orders?,Bulk pricing on Soap may be available depending on the seller. Please share the quantity you need so we can arrange a bulk quote.
products,Is Toothpaste available in stock?,"Yes, Toothpaste is available under the Personal Care and Beauty category. Availability and exact stock levels may vary by seller."
products,Where can I find Toothpaste?,You can find Toothpaste listed under the Personal Care and Beauty category. Our agent can help you compare sellers and options.
products,"Nahitaji Dawa ya meno, mnayo?","Ndiyo, Dawa ya meno (Toothpaste) inapatikana kwenye category ya Personal Care and Beauty. Upatikanaji unaweza kutofautiana kulingana na muuzaji."
pricing,What is the price of Toothpaste?,"The price of Toothpaste depends on brand, size, quantity, and seller. Please specify your preferred option so we can give you an exact quote."
pricing,Bei ya Dawa ya meno ni kiasi gani?,"Bei ya Dawa ya meno inategemea aina, ukubwa, kiasi, na muuzaji. Tafadhali eleza mahitaji yako ili tukupatie bei sahihi."
pricing,Do you offer discounts on Toothpaste for bulk orders?,Bulk pricing on Toothpaste may be available depending on the seller. Please share the quantity you need so we can arrange a bulk quote.
products,Is Toothbrush available in stock?,"Yes, Toothbrush is available under the Personal Care and Beauty category. Availability and exact stock levels may vary by seller."
products,Where can I find Toothbrush?,You can find Toothbrush listed under the Personal Care and Beauty category. Our agent can help you compare sellers and options.
products,"Nahitaji Mswwaki, mnayo?","Ndiyo, Mswwaki (Toothbrush) inapatikana kwenye category ya Personal Care and Beauty. Upatikanaji unaweza kutofautiana kulingana na muuzaji."
pricing,What is the price of Toothbrush?,"The price of Toothbrush depends on brand, size, quantity, and seller. Please specify your preferred option so we can give you an exact quote."
pricing,Bei ya Mswwaki ni kiasi gani?,"Bei ya Mswwaki inategemea aina, ukubwa, kiasi, na muuzaji. Tafadhali eleza mahitaji yako ili tukupatie bei sahihi."
pricing,Do you offer discounts on Toothbrush for bulk orders?,Bulk pricing on Toothbrush may be available depending on the seller. Please share the quantity you need so we can arrange a bulk quote.
products,Is Shampoo available in stock?,"Yes, Shampoo is available under the Personal Care and Beauty category. Availability and exact stock levels may vary by seller."
products,Where can I find Shampoo?,You can find Shampoo listed under the Personal Care and Beauty category. Our agent can help you compare sellers and options.
products,"Nahitaji Shampoo, mnayo?","Ndiyo, Shampoo (Shampoo) inapatikana kwenye category ya Personal Care and Beauty. Upatikanaji unaweza kutofautiana kulingana na muuzaji."
pricing,What is the price of Shampoo?,"The price of Shampoo depends on brand, size, quantity, and seller. Please specify your preferred option so we can give you an exact quote."
pricing,Bei ya Shampoo ni kiasi gani?,"Bei ya Shampoo inategemea aina, ukubwa, kiasi, na muuzaji. Tafadhali eleza mahitaji yako ili tukupatie bei sahihi."
pricing,Do you offer discounts on Shampoo for bulk orders?,Bulk pricing on Shampoo may be available depending on the seller. Please share the quantity you need so we can arrange a bulk quote.
products,Is Conditioner available in stock?,"Yes, Conditioner is available under the Personal Care and Beauty category. Availability and exact stock levels may vary by seller."
products,Where can I find Conditioner?,You can find Conditioner listed under the Personal Care and Beauty category. Our agent can help you compare sellers and options.
products,"Nahitaji Conditioner, mnayo?","Ndiyo, Conditioner (Conditioner) inapatikana kwenye category ya Personal Care and Beauty. Upatikanaji unaweza kutofautiana kulingana na muuzaji."
pricing,What is the price of Conditioner?,"The price of Conditioner depends on brand, size, quantity, and seller. Please specify your preferred option so we can give you an exact quote."
pricing,Bei ya Conditioner ni kiasi gani?,"Bei ya Conditioner inategemea aina, ukubwa, kiasi, na muuzaji. Tafadhali eleza mahitaji yako ili tukupatie bei sahihi."
pricing,Do you offer discounts on Conditioner for bulk orders?,Bulk pricing on Conditioner may be available depending on the seller. Please share the quantity you need so we can arrange a bulk quote.
products,Is Hair oil available in stock?,"Yes, Hair oil is available under the Personal Care and Beauty category. Availability and exact stock levels may vary by seller."
products,Where can I find Hair oil?,You can find Hair oil listed under the Personal Care and Beauty category. Our agent can help you compare sellers and options.
products,"Nahitaji Mafuta ya nywele, mnayo?","Ndiyo, Mafuta ya nywele (Hair oil) inapatikana kwenye category ya Personal Care and Beauty. Upatikanaji unaweza kutofautiana kulingana na muuzaji."
pricing,What is the price of Hair oil?,"The price of Hair oil depends on brand, size, quantity, and seller. Please specify your preferred option so we can give you an exact quote."
pricing,Bei ya Mafuta ya nywele ni kiasi gani?,"Bei ya Mafuta ya nywele inategemea aina, ukubwa, kiasi, na muuzaji. Tafadhali eleza mahitaji yako ili tukupatie bei sahihi."
pricing,Do you offer discounts on Hair oil for bulk orders?,Bulk pricing on Hair oil may be available depending on the seller. Please share the quantity you need so we can arrange a bulk quote.
products,Is Hair food available in stock?,"Yes, Hair food is available under the Personal Care and Beauty category. Availability and exact stock levels may vary by seller."
products,Where can I find Hair food?,You can find Hair food listed under the Personal Care and Beauty category. Our agent can help you compare sellers and options.
products,"Nahitaji Hair food, mnayo?","Ndiyo, Hair food (Hair food) inapatikana kwenye category ya Personal Care and Beauty. Upatikanaji unaweza kutofautiana kulingana na muuzaji."
pricing,What is the price of Hair food?,"The price of Hair food depends on brand, size, quantity, and seller. Please specify your preferred option so we can give you an exact quote."
pricing,Bei ya Hair food ni kiasi gani?,"Bei ya Hair food inategemea aina, ukubwa, kiasi, na muuzaji. Tafadhali eleza mahitaji yako ili tukupatie bei sahihi."
pricing,Do you offer discounts on Hair food for bulk orders?,Bulk pricing on Hair food may be available depending on the seller. Please share the quantity you need so we can arrange a bulk quote.
products,Is Hair extensions available in stock?,"Yes, Hair extensions is available under the Personal Care and Beauty category. Availability and exact stock levels may vary by seller."
products,Where can I find Hair extensions?,You can find Hair extensions listed under the Personal Care and Beauty category. Our agent can help you compare sellers and options.
products,"Nahitaji Nywele za bandia, mnayo?","Ndiyo, Nywele za bandia (Hair extensions) inapatikana kwenye category ya Personal Care and Beauty. Upatikanaji unaweza kutofautiana kulingana na muuzaji."
pricing,What is the price of Hair extensions?,"The price of Hair extensions depends on brand, size, quantity, and seller. Please specify your preferred option so we can give you an exact quote."
pricing,Bei ya Nywele za bandia ni kiasi gani?,"Bei ya Nywele za bandia inategemea aina, ukubwa, kiasi, na muuzaji. Tafadhali eleza mahitaji yako ili tukupatie bei sahihi."
pricing,Do you offer discounts on Hair extensions for bulk orders?,Bulk pricing on Hair extensions may be available depending on the seller. Please share the quantity you need so we can arrange a bulk quote.
products,Is Wigs available in stock?,"Yes, Wigs is available under the Personal Care and Beauty category. Availability and exact stock levels may vary by seller."
products,Where can I find Wigs?,You can find Wigs listed under the Personal Care and Beauty category. Our agent can help you compare sellers and options.
products,"Nahitaji Wigi, mnayo?","Ndiyo, Wigi (Wigs) inapatikana kwenye category ya Personal Care and Beauty. Upatikanaji unaweza kutofautiana kulingana na muuzaji."
pricing,What is the price of Wigs?,"The price of Wigs depends on brand, size, quantity, and seller. Please specify your preferred option so we can give you an exact quote."
pricing,Bei ya Wigi ni kiasi gani?,"Bei ya Wigi inategemea aina, ukubwa, kiasi, na muuzaji. Tafadhali eleza mahitaji yako ili tukupatie bei sahihi."
pricing,Do you offer discounts on Wigs for bulk orders?,Bulk pricing on Wigs may be available depending on the seller. Please share the quantity you need so we can arrange a bulk quote.
products,Is Makeup available in stock?,"Yes, Makeup is available under the Personal Care and Beauty category. Availability and exact stock levels may vary by seller."
products,Where can I find Makeup?,You can find Makeup listed under the Personal Care and Beauty category. Our agent can help you compare sellers and options.
products,"Nahitaji Vipodozi, mnayo?","Ndiyo, Vipodozi (Makeup) inapatikana kwenye category ya Personal Care and Beauty. Upatikanaji unaweza kutofautiana kulingana na muuzaji."
pricing,What is the price of Makeup?,"The price of Makeup depends on brand, size, quantity, and seller. Please specify your preferred option so we can give you an exact quote."
pricing,Bei ya Vipodozi ni kiasi gani?,"Bei ya Vipodozi inategemea aina, ukubwa, kiasi, na muuzaji. Tafadhali eleza mahitaji yako ili tukupatie bei sahihi."
pricing,Do you offer discounts on Makeup for bulk orders?,Bulk pricing on Makeup may be available depending on the seller. Please share the quantity you need so we can arrange a bulk quote.
products,Is Foundation available in stock?,"Yes, Foundation is available under the Personal Care and Beauty category. Availability and exact stock levels may vary by seller."
products,Where can I find Foundation?,You can find Foundation listed under the Personal Care and Beauty category. Our agent can help you compare sellers and options.
products,"Nahitaji Foundation, mnayo?","Ndiyo, Foundation (Foundation) inapatikana kwenye category ya Personal Care and Beauty. Upatikanaji unaweza kutofautiana kulingana na muuzaji."
pricing,What is the price of Foundation?,"The price of Foundation depends on brand, size, quantity, and seller. Please specify your preferred option so we can give you an exact quote."
pricing,Bei ya Foundation ni kiasi gani?,"Bei ya Foundation inategemea aina, ukubwa, kiasi, na muuzaji. Tafadhali eleza mahitaji yako ili tukupatie bei sahihi."
pricing,Do you offer discounts on Foundation for bulk orders?,Bulk pricing on Foundation may be available depending on the seller. Please share the quantity you need so we can arrange a bulk quote.
products,Is Lipstick available in stock?,"Yes, Lipstick is available under the Personal Care and Beauty category. Availability and exact stock levels may vary by seller."
products,Where can I find Lipstick?,You can find Lipstick listed under the Personal Care and Beauty category. Our agent can help you compare sellers and options.
products,"Nahitaji Lipstick, mnayo?","Ndiyo, Lipstick (Lipstick) inapatikana kwenye category ya Personal Care and Beauty. Upatikanaji unaweza kutofautiana kulingana na muuzaji."
pricing,What is the price of Lipstick?,"The price of Lipstick depends on brand, size, quantity, and seller. Please specify your preferred option so we can give you an exact quote."
pricing,Bei ya Lipstick ni kiasi gani?,"Bei ya Lipstick inategemea aina, ukubwa, kiasi, na muuzaji. Tafadhali eleza mahitaji yako ili tukupatie bei sahihi."
pricing,Do you offer discounts on Lipstick for bulk orders?,Bulk pricing on Lipstick may be available depending on the seller. Please share the quantity you need so we can arrange a bulk quote.
products,Is Nail polish available in stock?,"Yes, Nail polish is available under the Personal Care and Beauty category. Availability and exact stock levels may vary by seller."
products,Where can I find Nail polish?,You can find Nail polish listed under the Personal Care and Beauty category. Our agent can help you compare sellers and options.
products,"Nahitaji Rangi ya kucha, mnayo?","Ndiyo, Rangi ya kucha (Nail polish) inapatikana kwenye category ya Personal Care and Beauty. Upatikanaji unaweza kutofautiana kulingana na muuzaji."
pricing,What is the price of Nail polish?,"The price of Nail polish depends on brand, size, quantity, and seller. Please specify your preferred option so we can give you an exact quote."
pricing,Bei ya Rangi ya kucha ni kiasi gani?,"Bei ya Rangi ya kucha inategemea aina, ukubwa, kiasi, na muuzaji. Tafadhali eleza mahitaji yako ili tukupatie bei sahihi."
pricing,Do you offer discounts on Nail polish for bulk orders?,Bulk pricing on Nail polish may be available depending on the seller. Please share the quantity you need so we can arrange a bulk quote.
products,Is Sanitary pads available in stock?,"Yes, Sanitary pads is available under the Personal Care and Beauty category. Availability and exact stock levels may vary by seller."
products,Where can I find Sanitary pads?,You can find Sanitary pads listed under the Personal Care and Beauty category. Our agent can help you compare sellers and options.
products,"Nahitaji Pedi, mnayo?","Ndiyo, Pedi (Sanitary pads) inapatikana kwenye category ya Personal Care and Beauty. Upatikanaji unaweza kutofautiana kulingana na muuzaji."
pricing,What is the price of Sanitary pads?,"The price of Sanitary pads depends on brand, size, quantity, and seller. Please specify your preferred option so we can give you an exact quote."
pricing,Bei ya Pedi ni kiasi gani?,"Bei ya Pedi inategemea aina, ukubwa, kiasi, na muuzaji. Tafadhali eleza mahitaji yako ili tukupatie bei sahihi."
pricing,Do you offer discounts on Sanitary pads for bulk orders?,Bulk pricing on Sanitary pads may be available depending on the seller. Please share the quantity you need so we can arrange a bulk quote.
products,Is Baby diapers available in stock?,"Yes, Baby diapers is available under the Personal Care and Beauty category. Availability and exact stock levels may vary by seller."
products,Where can I find Baby diapers?,You can find Baby diapers listed under the Personal Care and Beauty category. Our agent can help you compare sellers and options.
products,"Nahitaji Diapers za watoto, mnayo?","Ndiyo, Diapers za watoto (Baby diapers) inapatikana kwenye category ya Personal Care and Beauty. Upatikanaji unaweza kutofautiana kulingana na muuzaji."
pricing,What is the price of Baby diapers?,"The price of Baby diapers depends on brand, size, quantity, and seller. Please specify your preferred option so we can give you an exact quote."
pricing,Bei ya Diapers za watoto ni kiasi gani?,"Bei ya Diapers za watoto inategemea aina, ukubwa, kiasi, na muuzaji. Tafadhali eleza mahitaji yako ili tukupatie bei sahihi."
pricing,Do you offer discounts on Baby diapers for bulk orders?,Bulk pricing on Baby diapers may be available depending on the seller. Please share the quantity you need so we can arrange a bulk quote.
products,Is Laundry detergent available in stock?,"Yes, Laundry detergent is available under the Household Products category. Availability and exact stock levels may vary by seller."
products,Where can I find Laundry detergent?,You can find Laundry detergent listed under the Household Products category. Our agent can help you compare sellers and options.
products,"Nahitaji Sabuni ya kufulia, mnayo?","Ndiyo, Sabuni ya kufulia (Laundry detergent) inapatikana kwenye category ya Household Products. Upatikanaji unaweza kutofautiana kulingana na muuzaji."
pricing,What is the price of Laundry detergent?,"The price of Laundry detergent depends on brand, size, quantity, and seller. Please specify your preferred option so we can give you an exact quote."
pricing,Bei ya Sabuni ya kufulia ni kiasi gani?,"Bei ya Sabuni ya kufulia inategemea aina, ukubwa, kiasi, na muuzaji. Tafadhali eleza mahitaji yako ili tukupatie bei sahihi."
pricing,Do you offer discounts on Laundry detergent for bulk orders?,Bulk pricing on Laundry detergent may be available depending on the seller. Please share the quantity you need so we can arrange a bulk quote.
products,Is Bar soap available in stock?,"Yes, Bar soap is available under the Household Products category. Availability and exact stock levels may vary by seller."
products,Where can I find Bar soap?,You can find Bar soap listed under the Household Products category. Our agent can help you compare sellers and options.
products,"Nahitaji Sabuni ya kipande, mnayo?","Ndiyo, Sabuni ya kipande (Bar soap) inapatikana kwenye category ya Household Products. Upatikanaji unaweza kutofautiana kulingana na muuzaji."
pricing,What is the price of Bar soap?,"The price of Bar soap depends on brand, size, quantity, and seller. Please specify your preferred option so we can give you an exact quote."
pricing,Bei ya Sabuni ya kipande ni kiasi gani?,"Bei ya Sabuni ya kipande inategemea aina, ukubwa, kiasi, na muuzaji. Tafadhali eleza mahitaji yako ili tukupatie bei sahihi."
pricing,Do you offer discounts on Bar soap for bulk orders?,Bulk pricing on Bar soap may be available depending on the seller. Please share the quantity you need so we can arrange a bulk quote.
products,Is Dishwashing liquid available in stock?,"Yes, Dishwashing liquid is available under the Household Products category. Availability and exact stock levels may vary by seller."
products,Where can I find Dishwashing liquid?,You can find Dishwashing liquid listed under the Household Products category. Our agent can help you compare sellers and options.
products,"Nahitaji Sabuni ya vyombo, mnayo?","Ndiyo, Sabuni ya vyombo (Dishwashing liquid) inapatikana kwenye category ya Household Products. Upatikanaji unaweza kutofautiana kulingana na muuzaji."
pricing,What is the price of Dishwashing liquid?,"The price of Dishwashing liquid depends on brand, size, quantity, and seller. Please specify your preferred option so we can give you an exact quote."
pricing,Bei ya Sabuni ya vyombo ni kiasi gani?,"Bei ya Sabuni ya vyombo inategemea aina, ukubwa, kiasi, na muuzaji. Tafadhali eleza mahitaji yako ili tukupatie bei sahihi."
pricing,Do you offer discounts on Dishwashing liquid for bulk orders?,Bulk pricing on Dishwashing liquid may be available depending on the seller. Please share the quantity you need so we can arrange a bulk quote.
products,Is Bleach available in stock?,"Yes, Bleach is available under the Household Products category. Availability and exact stock levels may vary by seller."
products,Where can I find Bleach?,You can find Bleach listed under the Household Products category. Our agent can help you compare sellers and options.
products,"Nahitaji Bleach, mnayo?","Ndiyo, Bleach (Bleach) inapatikana kwenye category ya Household Products. Upatikanaji unaweza kutofautiana kulingana na muuzaji."
pricing,What is the price of Bleach?,"The price of Bleach depends on brand, size, quantity, and seller. Please specify your preferred option so we can give you an exact quote."
pricing,Bei ya Bleach ni kiasi gani?,"Bei ya Bleach inategemea aina, ukubwa, kiasi, na muuzaji. Tafadhali eleza mahitaji yako ili tukupatie bei sahihi."
pricing,Do you offer discounts on Bleach for bulk orders?,Bulk pricing on Bleach may be available depending on the seller. Please share the quantity you need so we can arrange a bulk quote.
products,Is Disinfectant available in stock?,"Yes, Disinfectant is available under the Household Products category. Availability and exact stock levels may vary by seller."
products,Where can I find Disinfectant?,You can find Disinfectant listed under the Household Products category. Our agent can help you compare sellers and options.
products,"Nahitaji Dawa ya kuua vijidudu, mnayo?","Ndiyo, Dawa ya kuua vijidudu (Disinfectant) inapatikana kwenye category ya Household Products. Upatikanaji unaweza kutofautiana kulingana na muuzaji."
pricing,What is the price of Disinfectant?,"The price of Disinfectant depends on brand, size, quantity, and seller. Please specify your preferred option so we can give you an exact quote."
pricing,Bei ya Dawa ya kuua vijidudu ni kiasi gani?,"Bei ya Dawa ya kuua vijidudu inategemea aina, ukubwa, kiasi, na muuzaji. Tafadhali eleza mahitaji yako ili tukupatie bei sahihi."
pricing,Do you offer discounts on Disinfectant for bulk orders?,Bulk pricing on Disinfectant may be available depending on the seller. Please share the quantity you need so we can arrange a bulk quote.
products,Is Toilet cleaner available in stock?,"Yes, Toilet cleaner is available under the Household Products category. Availability and exact stock levels may vary by seller."
products,Where can I find Toilet cleaner?,You can find Toilet cleaner listed under the Household Products category. Our agent can help you compare sellers and options.
products,"Nahitaji Sabuni ya choo, mnayo?","Ndiyo, Sabuni ya choo (Toilet cleaner) inapatikana kwenye category ya Household Products. Upatikanaji unaweza kutofautiana kulingana na muuzaji."
pricing,What is the price of Toilet cleaner?,"The price of Toilet cleaner depends on brand, size, quantity, and seller. Please specify your preferred option so we can give you an exact quote."
pricing,Bei ya Sabuni ya choo ni kiasi gani?,"Bei ya Sabuni ya choo inategemea aina, ukubwa, kiasi, na muuzaji. Tafadhali eleza mahitaji yako ili tukupatie bei sahihi."
pricing,Do you offer discounts on Toilet cleaner for bulk orders?,Bulk pricing on Toilet cleaner may be available depending on the seller. Please share the quantity you need so we can arrange a bulk quote.
products,Is Air freshener available in stock?,"Yes, Air freshener is available under the Household Products category. Availability and exact stock levels may vary by seller."
products,Where can I find Air freshener?,You can find Air freshener listed under the Household Products category. Our agent can help you compare sellers and options.
products,"Nahitaji Manukato ya chumbani, mnayo?","Ndiyo, Manukato ya chumbani (Air freshener) inapatikana kwenye category ya Household Products. Upatikanaji unaweza kutofautiana kulingana na muuzaji."
pricing,What is the price of Air freshener?,"The price of Air freshener depends on brand, size, quantity, and seller. Please specify your preferred option so we can give you an exact quote."
pricing,Bei ya Manukato ya chumbani ni kiasi gani?,"Bei ya Manukato ya chumbani inategemea aina, ukubwa, kiasi, na muuzaji. Tafadhali eleza mahitaji yako ili tukupatie bei sahihi."
pricing,Do you offer discounts on Air freshener for bulk orders?,Bulk pricing on Air freshener may be available depending on the seller. Please share the quantity you need so we can arrange a bulk quote.
products,Is Tissue paper available in stock?,"Yes, Tissue paper is available under the Household Products category. Availability and exact stock levels may vary by seller."
products,Where can I find Tissue paper?,You can find Tissue paper listed under the Household Products category. Our agent can help you compare sellers and options.
products,"Nahitaji Tissue, mnayo?","Ndiyo, Tissue (Tissue paper) inapatikana kwenye category ya Household Products. Upatikanaji unaweza kutofautiana kulingana na muuzaji."
pricing,What is the price of Tissue paper?,"The price of Tissue paper depends on brand, size, quantity, and seller. Please specify your preferred option so we can give you an exact quote."
pricing,Bei ya Tissue ni kiasi gani?,"Bei ya Tissue inategemea aina, ukubwa, kiasi, na muuzaji. Tafadhali eleza mahitaji yako ili tukupatie bei sahihi."
pricing,Do you offer discounts on Tissue paper for bulk orders?,Bulk pricing on Tissue paper may be available depending on the seller. Please share the quantity you need so we can arrange a bulk quote.
products,Is Toilet paper available in stock?,"Yes, Toilet paper is available under the Household Products category. Availability and exact stock levels may vary by seller."
products,Where can I find Toilet paper?,You can find Toilet paper listed under the Household Products category. Our agent can help you compare sellers and options.
products,"Nahitaji Karatasi ya chooni, mnayo?","Ndiyo, Karatasi ya chooni (Toilet paper) inapatikana kwenye category ya Household Products. Upatikanaji unaweza kutofautiana kulingana na muuzaji."
pricing,What is the price of Toilet paper?,"The price of Toilet paper depends on brand, size, quantity, and seller. Please specify your preferred option so we can give you an exact quote."
pricing,Bei ya Karatasi ya chooni ni kiasi gani?,"Bei ya Karatasi ya chooni inategemea aina, ukubwa, kiasi, na muuzaji. Tafadhali eleza mahitaji yako ili tukupatie bei sahihi."
pricing,Do you offer discounts on Toilet paper for bulk orders?,Bulk pricing on Toilet paper may be available depending on the seller. Please share the quantity you need so we can arrange a bulk quote.
products,Is Buckets available in stock?,"Yes, Buckets is available under the Household Products category. Availability and exact stock levels may vary by seller."
products,Where can I find Buckets?,You can find Buckets listed under the Household Products category. Our agent can help you compare sellers and options.
products,"Nahitaji Ndoo, mnayo?","Ndiyo, Ndoo (Buckets) inapatikana kwenye category ya Household Products. Upatikanaji unaweza kutofautiana kulingana na muuzaji."
pricing,What is the price of Buckets?,"The price of Buckets depends on brand, size, quantity, and seller. Please specify your preferred option so we can give you an exact quote."
pricing,Bei ya Ndoo ni kiasi gani?,"Bei ya Ndoo inategemea aina, ukubwa, kiasi, na muuzaji. Tafadhali eleza mahitaji yako ili tukupatie bei sahihi."
pricing,Do you offer discounts on Buckets for bulk orders?,Bulk pricing on Buckets may be available depending on the seller. Please share the quantity you need so we can arrange a bulk quote.
products,Is Brooms available in stock?,"Yes, Brooms is available under the Household Products category. Availability and exact stock levels may vary by seller."
products,Where can I find Brooms?,You can find Brooms listed under the Household Products category. Our agent can help you compare sellers and options.
products,"Nahitaji Ufagio, mnayo?","Ndiyo, Ufagio (Brooms) inapatikana kwenye category ya Household Products. Upatikanaji unaweza kutofautiana kulingana na muuzaji."
pricing,What is the price of Brooms?,"The price of Brooms depends on brand, size, quantity, and seller. Please specify your preferred option so we can give you an exact quote."
pricing,Bei ya Ufagio ni kiasi gani?,"Bei ya Ufagio inategemea aina, ukubwa, kiasi, na muuzaji. Tafadhali eleza mahitaji yako ili tukupatie bei sahihi."
pricing,Do you offer discounts on Brooms for bulk orders?,Bulk pricing on Brooms may be available depending on the seller. Please share the quantity you need so we can arrange a bulk quote.
products,Is Mops available in stock?,"Yes, Mops is available under the Household Products category. Availability and exact stock levels may vary by seller."
products,Where can I find Mops?,You can find Mops listed under the Household Products category. Our agent can help you compare sellers and options.
products,"Nahitaji Mop, mnayo?","Ndiyo, Mop (Mops) inapatikana kwenye category ya Household Products. Upatikanaji unaweza kutofautiana kulingana na muuzaji."
pricing,What is the price of Mops?,"The price of Mops depends on brand, size, quantity, and seller. Please specify your preferred option so we can give you an exact quote."
pricing,Bei ya Mop ni kiasi gani?,"Bei ya Mop inategemea aina, ukubwa, kiasi, na muuzaji. Tafadhali eleza mahitaji yako ili tukupatie bei sahihi."
pricing,Do you offer discounts on Mops for bulk orders?,Bulk pricing on Mops may be available depending on the seller. Please share the quantity you need so we can arrange a bulk quote.
products,Is Dustbins available in stock?,"Yes, Dustbins is available under the Household Products category. Availability and exact stock levels may vary by seller."
products,Where can I find Dustbins?,You can find Dustbins listed under the Household Products category. Our agent can help you compare sellers and options.
products,"Nahitaji Pipa la taka, mnayo?","Ndiyo, Pipa la taka (Dustbins) inapatikana kwenye category ya Household Products. Upatikanaji unaweza kutofautiana kulingana na muuzaji."
pricing,What is the price of Dustbins?,"The price of Dustbins depends on brand, size, quantity, and seller. Please specify your preferred option so we can give you an exact quote."
pricing,Bei ya Pipa la taka ni kiasi gani?,"Bei ya Pipa la taka inategemea aina, ukubwa, kiasi, na muuzaji. Tafadhali eleza mahitaji yako ili tukupatie bei sahihi."
pricing,Do you offer discounts on Dustbins for bulk orders?,Bulk pricing on Dustbins may be available depending on the seller. Please share the quantity you need so we can arrange a bulk quote.
products,Is Plastic containers available in stock?,"Yes, Plastic containers is available under the Household Products category. Availability and exact stock levels may vary by seller."
products,Where can I find Plastic containers?,You can find Plastic containers listed under the Household Products category. Our agent can help you compare sellers and options.
products,"Nahitaji Vyombo vya plastiki, mnayo?","Ndiyo, Vyombo vya plastiki (Plastic containers) inapatikana kwenye category ya Household Products. Upatikanaji unaweza kutofautiana kulingana na muuzaji."
pricing,What is the price of Plastic containers?,"The price of Plastic containers depends on brand, size, quantity, and seller. Please specify your preferred option so we can give you an exact quote."
pricing,Bei ya Vyombo vya plastiki ni kiasi gani?,"Bei ya Vyombo vya plastiki inategemea aina, ukubwa, kiasi, na muuzaji. Tafadhali eleza mahitaji yako ili tukupatie bei sahihi."
pricing,Do you offer discounts on Plastic containers for bulk orders?,Bulk pricing on Plastic containers may be available depending on the seller. Please share the quantity you need so we can arrange a bulk quote.
products,Is Food storage containers available in stock?,"Yes, Food storage containers is available under the Household Products category. Availability and exact stock levels may vary by seller."
products,Where can I find Food storage containers?,You can find Food storage containers listed under the Household Products category. Our agent can help you compare sellers and options.
products,"Nahitaji Vyombo vya kuhifadhia chakula, mnayo?","Ndiyo, Vyombo vya kuhifadhia chakula (Food storage containers) inapatikana kwenye category ya Household Products. Upatikanaji unaweza kutofautiana kulingana na muuzaji."
pricing,What is the price of Food storage containers?,"The price of Food storage containers depends on brand, size, quantity, and seller. Please specify your preferred option so we can give you an exact quote."
pricing,Bei ya Vyombo vya kuhifadhia chakula ni kiasi gani?,"Bei ya Vyombo vya kuhifadhia chakula inategemea aina, ukubwa, kiasi, na muuzaji. Tafadhali eleza mahitaji yako ili tukupatie bei sahihi."
pricing,Do you offer discounts on Food storage containers for bulk orders?,Bulk pricing on Food storage containers may be available depending on the seller. Please share the quantity you need so we can arrange a bulk quote.
products,Is Mosquito nets available in stock?,"Yes, Mosquito nets is available under the Household Products category. Availability and exact stock levels may vary by seller."
products,Where can I find Mosquito nets?,You can find Mosquito nets listed under the Household Products category. Our agent can help you compare sellers and options.
products,"Nahitaji Vyandarua, mnayo?","Ndiyo, Vyandarua (Mosquito nets) inapatikana kwenye category ya Household Products. Upatikanaji unaweza kutofautiana kulingana na muuzaji."
pricing,What is the price of Mosquito nets?,"The price of Mosquito nets depends on brand, size, quantity, and seller. Please specify your preferred option so we can give you an exact quote."
pricing,Bei ya Vyandarua ni kiasi gani?,"Bei ya Vyandarua inategemea aina, ukubwa, kiasi, na muuzaji. Tafadhali eleza mahitaji yako ili tukupatie bei sahihi."
pricing,Do you offer discounts on Mosquito nets for bulk orders?,Bulk pricing on Mosquito nets may be available depending on the seller. Please share the quantity you need so we can arrange a bulk quote.
products,Is Insecticides available in stock?,"Yes, Insecticides is available under the Household Products category. Availability and exact stock levels may vary by seller."
products,Where can I find Insecticides?,You can find Insecticides listed under the Household Products category. Our agent can help you compare sellers and options.
products,"Nahitaji Dawa za kuua wadudu, mnayo?","Ndiyo, Dawa za kuua wadudu (Insecticides) inapatikana kwenye category ya Household Products. Upatikanaji unaweza kutofautiana kulingana na muuzaji."
pricing,What is the price of Insecticides?,"The price of Insecticides depends on brand, size, quantity, and seller. Please specify your preferred option so we can give you an exact quote."
pricing,Bei ya Dawa za kuua wadudu ni kiasi gani?,"Bei ya Dawa za kuua wadudu inategemea aina, ukubwa, kiasi, na muuzaji. Tafadhali eleza mahitaji yako ili tukupatie bei sahihi."
pricing,Do you offer discounts on Insecticides for bulk orders?,Bulk pricing on Insecticides may be available depending on the seller. Please share the quantity you need so we can arrange a bulk quote.
products,Is Smartphones available in stock?,"Yes, Smartphones is available under the Phones and Electronics category. Availability and exact stock levels may vary by seller."
products,Where can I find Smartphones?,You can find Smartphones listed under the Phones and Electronics category. Our agent can help you compare sellers and options.
products,"Nahitaji Simu janja, mnayo?","Ndiyo, Simu janja (Smartphones) inapatikana kwenye category ya Phones and Electronics. Upatikanaji unaweza kutofautiana kulingana na muuzaji."
pricing,What is the price of Smartphones?,"The price of Smartphones depends on brand, size, quantity, and seller. Please specify your preferred option so we can give you an exact quote."
pricing,Bei ya Simu janja ni kiasi gani?,"Bei ya Simu janja inategemea aina, ukubwa, kiasi, na muuzaji. Tafadhali eleza mahitaji yako ili tukupatie bei sahihi."
pricing,Do you offer discounts on Smartphones for bulk orders?,Bulk pricing on Smartphones may be available depending on the seller. Please share the quantity you need so we can arrange a bulk quote.
products,Is Feature phones available in stock?,"Yes, Feature phones is available under the Phones and Electronics category. Availability and exact stock levels may vary by seller."
products,Where can I find Feature phones?,You can find Feature phones listed under the Phones and Electronics category. Our agent can help you compare sellers and options.
products,"Nahitaji Simu za kawaida, mnayo?","Ndiyo, Simu za kawaida (Feature phones) inapatikana kwenye category ya Phones and Electronics. Upatikanaji unaweza kutofautiana kulingana na muuzaji."
pricing,What is the price of Feature phones?,"The price of Feature phones depends on brand, size, quantity, and seller. Please specify your preferred option so we can give you an exact quote."
pricing,Bei ya Simu za kawaida ni kiasi gani?,"Bei ya Simu za kawaida inategemea aina, ukubwa, kiasi, na muuzaji. Tafadhali eleza mahitaji yako ili tukupatie bei sahihi."
pricing,Do you offer discounts on Feature phones for bulk orders?,Bulk pricing on Feature phones may be available depending on the seller. Please share the quantity you need so we can arrange a bulk quote.
products,Is Phone chargers available in stock?,"Yes, Phone chargers is available under the Phones and Electronics category. Availability and exact stock levels may vary by seller."
products,Where can I find Phone chargers?,You can find Phone chargers listed under the Phones and Electronics category. Our agent can help you compare sellers and options.
products,"Nahitaji Chaja za simu, mnayo?","Ndiyo, Chaja za simu (Phone chargers) inapatikana kwenye category ya Phones and Electronics. Upatikanaji unaweza kutofautiana kulingana na muuzaji."
pricing,What is the price of Phone chargers?,"The price of Phone chargers depends on brand, size, quantity, and seller. Please specify your preferred option so we can give you an exact quote."
pricing,Bei ya Chaja za simu ni kiasi gani?,"Bei ya Chaja za simu inategemea aina, ukubwa, kiasi, na muuzaji. Tafadhali eleza mahitaji yako ili tukupatie bei sahihi."
pricing,Do you offer discounts on Phone chargers for bulk orders?,Bulk pricing on Phone chargers may be available depending on the seller. Please share the quantity you need so we can arrange a bulk quote.
products,Is USB cables available in stock?,"Yes, USB cables is available under the Phones and Electronics category. Availability and exact stock levels may vary by seller."
products,Where can I find USB cables?,You can find USB cables listed under the Phones and Electronics category. Our agent can help you compare sellers and options.
products,"Nahitaji Kebo za USB, mnayo?","Ndiyo, Kebo za USB (USB cables) inapatikana kwenye category ya Phones and Electronics. Upatikanaji unaweza kutofautiana kulingana na muuzaji."
pricing,What is the price of USB cables?,"The price of USB cables depends on brand, size, quantity, and seller. Please specify your preferred option so we can give you an exact quote."
pricing,Bei ya Kebo za USB ni kiasi gani?,"Bei ya Kebo za USB inategemea aina, ukubwa, kiasi, na muuzaji. Tafadhali eleza mahitaji yako ili tukupatie bei sahihi."
pricing,Do you offer discounts on USB cables for bulk orders?,Bulk pricing on USB cables may be available depending on the seller. Please share the quantity you need so we can arrange a bulk quote.
products,Is Power banks available in stock?,"Yes, Power banks is available under the Phones and Electronics category. Availability and exact stock levels may vary by seller."
products,Where can I find Power banks?,You can find Power banks listed under the Phones and Electronics category. Our agent can help you compare sellers and options.
products,"Nahitaji Power bank, mnayo?","Ndiyo, Power bank (Power banks) inapatikana kwenye category ya Phones and Electronics. Upatikanaji unaweza kutofautiana kulingana na muuzaji."
pricing,What is the price of Power banks?,"The price of Power banks depends on brand, size, quantity, and seller. Please specify your preferred option so we can give you an exact quote."
pricing,Bei ya Power bank ni kiasi gani?,"Bei ya Power bank inategemea aina, ukubwa, kiasi, na muuzaji. Tafadhali eleza mahitaji yako ili tukupatie bei sahihi."
pricing,Do you offer discounts on Power banks for bulk orders?,Bulk pricing on Power banks may be available depending on the seller. Please share the quantity you need so we can arrange a bulk quote.
products,Is Earphones available in stock?,"Yes, Earphones is available under the Phones and Electronics category. Availability and exact stock levels may vary by seller."
products,Where can I find Earphones?,You can find Earphones listed under the Phones and Electronics category. Our agent can help you compare sellers and options.
products,"Nahitaji Earphones, mnayo?","Ndiyo, Earphones (Earphones) inapatikana kwenye category ya Phones and Electronics. Upatikanaji unaweza kutofautiana kulingana na muuzaji."
pricing,What is the price of Earphones?,"The price of Earphones depends on brand, size, quantity, and seller. Please specify your preferred option so we can give you an exact quote."
pricing,Bei ya Earphones ni kiasi gani?,"Bei ya Earphones inategemea aina, ukubwa, kiasi, na muuzaji. Tafadhali eleza mahitaji yako ili tukupatie bei sahihi."
pricing,Do you offer discounts on Earphones for bulk orders?,Bulk pricing on Earphones may be available depending on the seller. Please share the quantity you need so we can arrange a bulk quote.
products,Is Bluetooth speakers available in stock?,"Yes, Bluetooth speakers is available under the Phones and Electronics category. Availability and exact stock levels may vary by seller."
products,Where can I find Bluetooth speakers?,You can find Bluetooth speakers listed under the Phones and Electronics category. Our agent can help you compare sellers and options.
products,"Nahitaji Spika za Bluetooth, mnayo?","Ndiyo, Spika za Bluetooth (Bluetooth speakers) inapatikana kwenye category ya Phones and Electronics. Upatikanaji unaweza kutofautiana kulingana na muuzaji."
pricing,What is the price of Bluetooth speakers?,"The price of Bluetooth speakers depends on brand, size, quantity, and seller. Please specify your preferred option so we can give you an exact quote."
pricing,Bei ya Spika za Bluetooth ni kiasi gani?,"Bei ya Spika za Bluetooth inategemea aina, ukubwa, kiasi, na muuzaji. Tafadhali eleza mahitaji yako ili tukupatie bei sahihi."
pricing,Do you offer discounts on Bluetooth speakers for bulk orders?,Bulk pricing on Bluetooth speakers may be available depending on the seller. Please share the quantity you need so we can arrange a bulk quote.
products,Is Smart watches available in stock?,"Yes, Smart watches is available under the Phones and Electronics category. Availability and exact stock levels may vary by seller."
products,Where can I find Smart watches?,You can find Smart watches listed under the Phones and Electronics category. Our agent can help you compare sellers and options.
products,"Nahitaji Saa janja, mnayo?","Ndiyo, Saa janja (Smart watches) inapatikana kwenye category ya Phones and Electronics. Upatikanaji unaweza kutofautiana kulingana na muuzaji."
pricing,What is the price of Smart watches?,"The price of Smart watches depends on brand, size, quantity, and seller. Please specify your preferred option so we can give you an exact quote."
pricing,Bei ya Saa janja ni kiasi gani?,"Bei ya Saa janja inategemea aina, ukubwa, kiasi, na muuzaji. Tafadhali eleza mahitaji yako ili tukupatie bei sahihi."
pricing,Do you offer discounts on Smart watches for bulk orders?,Bulk pricing on Smart watches may be available depending on the seller. Please share the quantity you need so we can arrange a bulk quote.
products,Is Phone covers available in stock?,"Yes, Phone covers is available under the Phones and Electronics category. Availability and exact stock levels may vary by seller."
products,Where can I find Phone covers?,You can find Phone covers listed under the Phones and Electronics category. Our agent can help you compare sellers and options.
products,"Nahitaji Cover za simu, mnayo?","Ndiyo, Cover za simu (Phone covers) inapatikana kwenye category ya Phones and Electronics. Upatikanaji unaweza kutofautiana kulingana na muuzaji."
pricing,What is the price of Phone covers?,"The price of Phone covers depends on brand, size, quantity, and seller. Please specify your preferred option so we can give you an exact quote."
pricing,Bei ya Cover za simu ni kiasi gani?,"Bei ya Cover za simu inategemea aina, ukubwa, kiasi, na muuzaji. Tafadhali eleza mahitaji yako ili tukupatie bei sahihi."
pricing,Do you offer discounts on Phone covers for bulk orders?,Bulk pricing on Phone covers may be available depending on the seller. Please share the quantity you need so we can arrange a bulk quote.
products,Is Screen protectors available in stock?,"Yes, Screen protectors is available under the Phones and Electronics category. Availability and exact stock levels may vary by seller."
products,Where can I find Screen protectors?,You can find Screen protectors listed under the Phones and Electronics category. Our agent can help you compare sellers and options.
products,"Nahitaji King'a za skrini, mnayo?","Ndiyo, King'a za skrini (Screen protectors) inapatikana kwenye category ya Phones and Electronics. Upatikanaji unaweza kutofautiana kulingana na muuzaji."
pricing,What is the price of Screen protectors?,"The price of Screen protectors depends on brand, size, quantity, and seller. Please specify your preferred option so we can give you an exact quote."
pricing,Bei ya King'a za skrini ni kiasi gani?,"Bei ya King'a za skrini inategemea aina, ukubwa, kiasi, na muuzaji. Tafadhali eleza mahitaji yako ili tukupatie bei sahihi."
pricing,Do you offer discounts on Screen protectors for bulk orders?,Bulk pricing on Screen protectors may be available depending on the seller. Please share the quantity you need so we can arrange a bulk quote.
products,Is Laptops available in stock?,"Yes, Laptops is available under the Phones and Electronics category. Availability and exact stock levels may vary by seller."
products,Where can I find Laptops?,You can find Laptops listed under the Phones and Electronics category. Our agent can help you compare sellers and options.
products,"Nahitaji Laptop, mnayo?","Ndiyo, Laptop (Laptops) inapatikana kwenye category ya Phones and Electronics. Upatikanaji unaweza kutofautiana kulingana na muuzaji."
pricing,What is the price of Laptops?,"The price of Laptops depends on brand, size, quantity, and seller. Please specify your preferred option so we can give you an exact quote."
pricing,Bei ya Laptop ni kiasi gani?,"Bei ya Laptop inategemea aina, ukubwa, kiasi, na muuzaji. Tafadhali eleza mahitaji yako ili tukupatie bei sahihi."
pricing,Do you offer discounts on Laptops for bulk orders?,Bulk pricing on Laptops may be available depending on the seller. Please share the quantity you need so we can arrange a bulk quote.
products,Is Laptop chargers available in stock?,"Yes, Laptop chargers is available under the Phones and Electronics category. Availability and exact stock levels may vary by seller."
products,Where can I find Laptop chargers?,You can find Laptop chargers listed under the Phones and Electronics category. Our agent can help you compare sellers and options.
products,"Nahitaji Chaja za laptop, mnayo?","Ndiyo, Chaja za laptop (Laptop chargers) inapatikana kwenye category ya Phones and Electronics. Upatikanaji unaweza kutofautiana kulingana na muuzaji."
pricing,What is the price of Laptop chargers?,"The price of Laptop chargers depends on brand, size, quantity, and seller. Please specify your preferred option so we can give you an exact quote."
pricing,Bei ya Chaja za laptop ni kiasi gani?,"Bei ya Chaja za laptop inategemea aina, ukubwa, kiasi, na muuzaji. Tafadhali eleza mahitaji yako ili tukupatie bei sahihi."
pricing,Do you offer discounts on Laptop chargers for bulk orders?,Bulk pricing on Laptop chargers may be available depending on the seller. Please share the quantity you need so we can arrange a bulk quote.
products,Is Computer keyboards available in stock?,"Yes, Computer keyboards is available under the Phones and Electronics category. Availability and exact stock levels may vary by seller."
products,Where can I find Computer keyboards?,You can find Computer keyboards listed under the Phones and Electronics category. Our agent can help you compare sellers and options.
products,"Nahitaji Keyboard, mnayo?","Ndiyo, Keyboard (Computer keyboards) inapatikana kwenye category ya Phones and Electronics. Upatikanaji unaweza kutofautiana kulingana na muuzaji."
pricing,What is the price of Computer keyboards?,"The price of Computer keyboards depends on brand, size, quantity, and seller. Please specify your preferred option so we can give you an exact quote."
pricing,Bei ya Keyboard ni kiasi gani?,"Bei ya Keyboard inategemea aina, ukubwa, kiasi, na muuzaji. Tafadhali eleza mahitaji yako ili tukupatie bei sahihi."
pricing,Do you offer discounts on Computer keyboards for bulk orders?,Bulk pricing on Computer keyboards may be available depending on the seller. Please share the quantity you need so we can arrange a bulk quote.
products,Is Mouse available in stock?,"Yes, Mouse is available under the Phones and Electronics category. Availability and exact stock levels may vary by seller."
products,Where can I find Mouse?,You can find Mouse listed under the Phones and Electronics category. Our agent can help you compare sellers and options.
products,"Nahitaji Mouse, mnayo?","Ndiyo, Mouse (Mouse) inapatikana kwenye category ya Phones and Electronics. Upatikanaji unaweza kutofautiana kulingana na muuzaji."
pricing,What is the price of Mouse?,"The price of Mouse depends on brand, size, quantity, and seller. Please specify your preferred option so we can give you an exact quote."
pricing,Bei ya Mouse ni kiasi gani?,"Bei ya Mouse inategemea aina, ukubwa, kiasi, na muuzaji. Tafadhali eleza mahitaji yako ili tukupatie bei sahihi."
pricing,Do you offer discounts on Mouse for bulk orders?,Bulk pricing on Mouse may be available depending on the seller. Please share the quantity you need so we can arrange a bulk quote.
products,Is Printers available in stock?,"Yes, Printers is available under the Phones and Electronics category. Availability and exact stock levels may vary by seller."
products,Where can I find Printers?,You can find Printers listed under the Phones and Electronics category. Our agent can help you compare sellers and options.
products,"Nahitaji Printer, mnayo?","Ndiyo, Printer (Printers) inapatikana kwenye category ya Phones and Electronics. Upatikanaji unaweza kutofautiana kulingana na muuzaji."
pricing,What is the price of Printers?,"The price of Printers depends on brand, size, quantity, and seller. Please specify your preferred option so we can give you an exact quote."
pricing,Bei ya Printer ni kiasi gani?,"Bei ya Printer inategemea aina, ukubwa, kiasi, na muuzaji. Tafadhali eleza mahitaji yako ili tukupatie bei sahihi."
pricing,Do you offer discounts on Printers for bulk orders?,Bulk pricing on Printers may be available depending on the seller. Please share the quantity you need so we can arrange a bulk quote.
products,Is Televisions available in stock?,"Yes, Televisions is available under the Phones and Electronics category. Availability and exact stock levels may vary by seller."
products,Where can I find Televisions?,You can find Televisions listed under the Phones and Electronics category. Our agent can help you compare sellers and options.
products,"Nahitaji Televisheni, mnayo?","Ndiyo, Televisheni (Televisions) inapatikana kwenye category ya Phones and Electronics. Upatikanaji unaweza kutofautiana kulingana na muuzaji."
pricing,What is the price of Televisions?,"The price of Televisions depends on brand, size, quantity, and seller. Please specify your preferred option so we can give you an exact quote."
pricing,Bei ya Televisheni ni kiasi gani?,"Bei ya Televisheni inategemea aina, ukubwa, kiasi, na muuzaji. Tafadhali eleza mahitaji yako ili tukupatie bei sahihi."
pricing,Do you offer discounts on Televisions for bulk orders?,Bulk pricing on Televisions may be available depending on the seller. Please share the quantity you need so we can arrange a bulk quote.
products,Is Decoders available in stock?,"Yes, Decoders is available under the Phones and Electronics category. Availability and exact stock levels may vary by seller."
products,Where can I find Decoders?,You can find Decoders listed under the Phones and Electronics category. Our agent can help you compare sellers and options.
products,"Nahitaji Decoder, mnayo?","Ndiyo, Decoder (Decoders) inapatikana kwenye category ya Phones and Electronics. Upatikanaji unaweza kutofautiana kulingana na muuzaji."
pricing,What is the price of Decoders?,"The price of Decoders depends on brand, size, quantity, and seller. Please specify your preferred option so we can give you an exact quote."
pricing,Bei ya Decoder ni kiasi gani?,"Bei ya Decoder inategemea aina, ukubwa, kiasi, na muuzaji. Tafadhali eleza mahitaji yako ili tukupatie bei sahihi."
pricing,Do you offer discounts on Decoders for bulk orders?,Bulk pricing on Decoders may be available depending on the seller. Please share the quantity you need so we can arrange a bulk quote.
products,Is Fans available in stock?,"Yes, Fans is available under the Phones and Electronics category. Availability and exact stock levels may vary by seller."
products,Where can I find Fans?,You can find Fans listed under the Phones and Electronics category. Our agent can help you compare sellers and options.
products,"Nahitaji Feni, mnayo?","Ndiyo, Feni (Fans) inapatikana kwenye category ya Phones and Electronics. Upatikanaji unaweza kutofautiana kulingana na muuzaji."
pricing,What is the price of Fans?,"The price of Fans depends on brand, size, quantity, and seller. Please specify your preferred option so we can give you an exact quote."
pricing,Bei ya Feni ni kiasi gani?,"Bei ya Feni inategemea aina, ukubwa, kiasi, na muuzaji. Tafadhali eleza mahitaji yako ili tukupatie bei sahihi."
pricing,Do you offer discounts on Fans for bulk orders?,Bulk pricing on Fans may be available depending on the seller. Please share the quantity you need so we can arrange a bulk quote.
products,Is Fridges available in stock?,"Yes, Fridges is available under the Phones and Electronics category. Availability and exact stock levels may vary by seller."
products,Where can I find Fridges?,You can find Fridges listed under the Phones and Electronics category. Our agent can help you compare sellers and options.
products,"Nahitaji Friji, mnayo?","Ndiyo, Friji (Fridges) inapatikana kwenye category ya Phones and Electronics. Upatikanaji unaweza kutofautiana kulingana na muuzaji."
pricing,What is the price of Fridges?,"The price of Fridges depends on brand, size, quantity, and seller. Please specify your preferred option so we can give you an exact quote."
pricing,Bei ya Friji ni kiasi gani?,"Bei ya Friji inategemea aina, ukubwa, kiasi, na muuzaji. Tafadhali eleza mahitaji yako ili tukupatie bei sahihi."
pricing,Do you offer discounts on Fridges for bulk orders?,Bulk pricing on Fridges may be available depending on the seller. Please share the quantity you need so we can arrange a bulk quote.
products,Is Washing machines available in stock?,"Yes, Washing machines is available under the Phones and Electronics category. Availability and exact stock levels may vary by seller."
products,Where can I find Washing machines?,You can find Washing machines listed under the Phones and Electronics category. Our agent can help you compare sellers and options.
products,"Nahitaji Mashine za kufulia, mnayo?","Ndiyo, Mashine za kufulia (Washing machines) inapatikana kwenye category ya Phones and Electronics. Upatikanaji unaweza kutofautiana kulingana na muuzaji."
pricing,What is the price of Washing machines?,"The price of Washing machines depends on brand, size, quantity, and seller. Please specify your preferred option so we can give you an exact quote."
pricing,Bei ya Mashine za kufulia ni kiasi gani?,"Bei ya Mashine za kufulia inategemea aina, ukubwa, kiasi, na muuzaji. Tafadhali eleza mahitaji yako ili tukupatie bei sahihi."
pricing,Do you offer discounts on Washing machines for bulk orders?,Bulk pricing on Washing machines may be available depending on the seller. Please share the quantity you need so we can arrange a bulk quote.
products,Is Blenders available in stock?,"Yes, Blenders is available under the Phones and Electronics category. Availability and exact stock levels may vary by seller."
products,Where can I find Blenders?,You can find Blenders listed under the Phones and Electronics category. Our agent can help you compare sellers and options.
products,"Nahitaji Blender, mnayo?","Ndiyo, Blender (Blenders) inapatikana kwenye category ya Phones and Electronics. Upatikanaji unaweza kutofautiana kulingana na muuzaji."
pricing,What is the price of Blenders?,"The price of Blenders depends on brand, size, quantity, and seller. Please specify your preferred option so we can give you an exact quote."
pricing,Bei ya Blender ni kiasi gani?,"Bei ya Blender inategemea aina, ukubwa, kiasi, na muuzaji. Tafadhali eleza mahitaji yako ili tukupatie bei sahihi."
pricing,Do you offer discounts on Blenders for bulk orders?,Bulk pricing on Blenders may be available depending on the seller. Please share the quantity you need so we can arrange a bulk quote.
products,Is Irons available in stock?,"Yes, Irons is available under the Phones and Electronics category. Availability and exact stock levels may vary by seller."
products,Where can I find Irons?,You can find Irons listed under the Phones and Electronics category. Our agent can help you compare sellers and options.
products,"Nahitaji Pasi, mnayo?","Ndiyo, Pasi (Irons) inapatikana kwenye category ya Phones and Electronics. Upatikanaji unaweza kutofautiana kulingana na muuzaji."
pricing,What is the price of Irons?,"The price of Irons depends on brand, size, quantity, and seller. Please specify your preferred option so we can give you an exact quote."
pricing,Bei ya Pasi ni kiasi gani?,"Bei ya Pasi inategemea aina, ukubwa, kiasi, na muuzaji. Tafadhali eleza mahitaji yako ili tukupatie bei sahihi."
pricing,Do you offer discounts on Irons for bulk orders?,Bulk pricing on Irons may be available depending on the seller. Please share the quantity you need so we can arrange a bulk quote.
products,Is T-shirts available in stock?,"Yes, T-shirts is available under the Fashion category. Availability and exact stock levels may vary by seller."
products,Where can I find T-shirts?,You can find T-shirts listed under the Fashion category. Our agent can help you compare sellers and options.
products,"Nahitaji T-shirt, mnayo?","Ndiyo, T-shirt (T-shirts) inapatikana kwenye category ya Fashion. Upatikanaji unaweza kutofautiana kulingana na muuzaji."
pricing,What is the price of T-shirts?,"The price of T-shirts depends on brand, size, quantity, and seller. Please specify your preferred option so we can give you an exact quote."
pricing,Bei ya T-shirt ni kiasi gani?,"Bei ya T-shirt inategemea aina, ukubwa, kiasi, na muuzaji. Tafadhali eleza mahitaji yako ili tukupatie bei sahihi."
pricing,Do you offer discounts on T-shirts for bulk orders?,Bulk pricing on T-shirts may be available depending on the seller. Please share the quantity you need so we can arrange a bulk quote.
products,Is Shirts available in stock?,"Yes, Shirts is available under the Fashion category. Availability and exact stock levels may vary by seller."
products,Where can I find Shirts?,You can find Shirts listed under the Fashion category. Our agent can help you compare sellers and options.
products,"Nahitaji Mashati, mnayo?","Ndiyo, Mashati (Shirts) inapatikana kwenye category ya Fashion. Upatikanaji unaweza kutofautiana kulingana na muuzaji."
pricing,What is the price of Shirts?,"The price of Shirts depends on brand, size, quantity, and seller. Please specify your preferred option so we can give you an exact quote."
pricing,Bei ya Mashati ni kiasi gani?,"Bei ya Mashati inategemea aina, ukubwa, kiasi, na muuzaji. Tafadhali eleza mahitaji yako ili tukupatie bei sahihi."
pricing,Do you offer discounts on Shirts for bulk orders?,Bulk pricing on Shirts may be available depending on the seller. Please share the quantity you need so we can arrange a bulk quote.
products,Is Dresses available in stock?,"Yes, Dresses is available under the Fashion category. Availability and exact stock levels may vary by seller."
products,Where can I find Dresses?,You can find Dresses listed under the Fashion category. Our agent can help you compare sellers and options.
products,"Nahitaji Magauni, mnayo?","Ndiyo, Magauni (Dresses) inapatikana kwenye category ya Fashion. Upatikanaji unaweza kutofautiana kulingana na muuzaji."
pricing,What is the price of Dresses?,"The price of Dresses depends on brand, size, quantity, and seller. Please specify your preferred option so we can give you an exact quote."
pricing,Bei ya Magauni ni kiasi gani?,"Bei ya Magauni inategemea aina, ukubwa, kiasi, na muuzaji. Tafadhali eleza mahitaji yako ili tukupatie bei sahihi."
pricing,Do you offer discounts on Dresses for bulk orders?,Bulk pricing on Dresses may be available depending on the seller. Please share the quantity you need so we can arrange a bulk quote.
products,Is Skirts available in stock?,"Yes, Skirts is available under the Fashion category. Availability and exact stock levels may vary by seller."
products,Where can I find Skirts?,You can find Skirts listed under the Fashion category. Our agent can help you compare sellers and options.
products,"Nahitaji Sketi, mnayo?","Ndiyo, Sketi (Skirts) inapatikana kwenye category ya Fashion. Upatikanaji unaweza kutofautiana kulingana na muuzaji."
pricing,What is the price of Skirts?,"The price of Skirts depends on brand, size, quantity, and seller. Please specify your preferred option so we can give you an exact quote."
pricing,Bei ya Sketi ni kiasi gani?,"Bei ya Sketi inategemea aina, ukubwa, kiasi, na muuzaji. Tafadhali eleza mahitaji yako ili tukupatie bei sahihi."
pricing,Do you offer discounts on Skirts for bulk orders?,Bulk pricing on Skirts may be available depending on the seller. Please share the quantity you need so we can arrange a bulk quote.
products,Is Jeans available in stock?,"Yes, Jeans is available under the Fashion category. Availability and exact stock levels may vary by seller."
products,Where can I find Jeans?,You can find Jeans listed under the Fashion category. Our agent can help you compare sellers and options.
products,"Nahitaji Jeans, mnayo?","Ndiyo, Jeans (Jeans) inapatikana kwenye category ya Fashion. Upatikanaji unaweza kutofautiana kulingana na muuzaji."
pricing,What is the price of Jeans?,"The price of Jeans depends on brand, size, quantity, and seller. Please specify your preferred option so we can give you an exact quote."
pricing,Bei ya Jeans ni kiasi gani?,"Bei ya Jeans inategemea aina, ukubwa, kiasi, na muuzaji. Tafadhali eleza mahitaji yako ili tukupatie bei sahihi."
pricing,Do you offer discounts on Jeans for bulk orders?,Bulk pricing on Jeans may be available depending on the seller. Please share the quantity you need so we can arrange a bulk quote.
products,Is Trousers available in stock?,"Yes, Trousers is available under the Fashion category. Availability and exact stock levels may vary by seller."
products,Where can I find Trousers?,You can find Trousers listed under the Fashion category. Our agent can help you compare sellers and options.
products,"Nahitaji Suruali, mnayo?","Ndiyo, Suruali (Trousers) inapatikana kwenye category ya Fashion. Upatikanaji unaweza kutofautiana kulingana na muuzaji."
pricing,What is the price of Trousers?,"The price of Trousers depends on brand, size, quantity, and seller. Please specify your preferred option so we can give you an exact quote."
pricing,Bei ya Suruali ni kiasi gani?,"Bei ya Suruali inategemea aina, ukubwa, kiasi, na muuzaji. Tafadhali eleza mahitaji yako ili tukupatie bei sahihi."
pricing,Do you offer discounts on Trousers for bulk orders?,Bulk pricing on Trousers may be available depending on the seller. Please share the quantity you need so we can arrange a bulk quote.
products,Is Hoodies available in stock?,"Yes, Hoodies is available under the Fashion category. Availability and exact stock levels may vary by seller."
products,Where can I find Hoodies?,You can find Hoodies listed under the Fashion category. Our agent can help you compare sellers and options.
products,"Nahitaji Hoodie, mnayo?","Ndiyo, Hoodie (Hoodies) inapatikana kwenye category ya Fashion. Upatikanaji unaweza kutofautiana kulingana na muuzaji."
pricing,What is the price of Hoodies?,"The price of Hoodies depends on brand, size, quantity, and seller. Please specify your preferred option so we can give you an exact quote."
pricing,Bei ya Hoodie ni kiasi gani?,"Bei ya Hoodie inategemea aina, ukubwa, kiasi, na muuzaji. Tafadhali eleza mahitaji yako ili tukupatie bei sahihi."
pricing,Do you offer discounts on Hoodies for bulk orders?,Bulk pricing on Hoodies may be available depending on the seller. Please share the quantity you need so we can arrange a bulk quote.
products,Is Jackets available in stock?,"Yes, Jackets is available under the Fashion category. Availability and exact stock levels may vary by seller."
products,Where can I find Jackets?,You can find Jackets listed under the Fashion category. Our agent can help you compare sellers and options.
products,"Nahitaji Jacket, mnayo?","Ndiyo, Jacket (Jackets) inapatikana kwenye category ya Fashion. Upatikanaji unaweza kutofautiana kulingana na muuzaji."
pricing,What is the price of Jackets?,"The price of Jackets depends on brand, size, quantity, and seller. Please specify your preferred option so we can give you an exact quote."
pricing,Bei ya Jacket ni kiasi gani?,"Bei ya Jacket inategemea aina, ukubwa, kiasi, na muuzaji. Tafadhali eleza mahitaji yako ili tukupatie bei sahihi."
pricing,Do you offer discounts on Jackets for bulk orders?,Bulk pricing on Jackets may be available depending on the seller. Please share the quantity you need so we can arrange a bulk quote.
products,Is Shoes available in stock?,"Yes, Shoes is available under the Fashion category. Availability and exact stock levels may vary by seller."
products,Where can I find Shoes?,You can find Shoes listed under the Fashion category. Our agent can help you compare sellers and options.
products,"Nahitaji Viatu, mnayo?","Ndiyo, Viatu (Shoes) inapatikana kwenye category ya Fashion. Upatikanaji unaweza kutofautiana kulingana na muuzaji."
pricing,What is the price of Shoes?,"The price of Shoes depends on brand, size, quantity, and seller. Please specify your preferred option so we can give you an exact quote."
pricing,Bei ya Viatu ni kiasi gani?,"Bei ya Viatu inategemea aina, ukubwa, kiasi, na muuzaji. Tafadhali eleza mahitaji yako ili tukupatie bei sahihi."
pricing,Do you offer discounts on Shoes for bulk orders?,Bulk pricing on Shoes may be available depending on the seller. Please share the quantity you need so we can arrange a bulk quote.
products,Is Sneakers available in stock?,"Yes, Sneakers is available under the Fashion category. Availability and exact stock levels may vary by seller."
products,Where can I find Sneakers?,You can find Sneakers listed under the Fashion category. Our agent can help you compare sellers and options.
products,"Nahitaji Sneakers, mnayo?","Ndiyo, Sneakers (Sneakers) inapatikana kwenye category ya Fashion. Upatikanaji unaweza kutofautiana kulingana na muuzaji."
pricing,What is the price of Sneakers?,"The price of Sneakers depends on brand, size, quantity, and seller. Please specify your preferred option so we can give you an exact quote."
pricing,Bei ya Sneakers ni kiasi gani?,"Bei ya Sneakers inategemea aina, ukubwa, kiasi, na muuzaji. Tafadhali eleza mahitaji yako ili tukupatie bei sahihi."
pricing,Do you offer discounts on Sneakers for bulk orders?,Bulk pricing on Sneakers may be available depending on the seller. Please share the quantity you need so we can arrange a bulk quote.
products,Is Sandals available in stock?,"Yes, Sandals is available under the Fashion category. Availability and exact stock levels may vary by seller."
products,Where can I find Sandals?,You can find Sandals listed under the Fashion category. Our agent can help you compare sellers and options.
products,"Nahitaji Sandals, mnayo?","Ndiyo, Sandals (Sandals) inapatikana kwenye category ya Fashion. Upatikanaji unaweza kutofautiana kulingana na muuzaji."
pricing,What is the price of Sandals?,"The price of Sandals depends on brand, size, quantity, and seller. Please specify your preferred option so we can give you an exact quote."
pricing,Bei ya Sandals ni kiasi gani?,"Bei ya Sandals inategemea aina, ukubwa, kiasi, na muuzaji. Tafadhali eleza mahitaji yako ili tukupatie bei sahihi."
pricing,Do you offer discounts on Sandals for bulk orders?,Bulk pricing on Sandals may be available depending on the seller. Please share the quantity you need so we can arrange a bulk quote.
products,Is Slippers available in stock?,"Yes, Slippers is available under the Fashion category. Availability and exact stock levels may vary by seller."
products,Where can I find Slippers?,You can find Slippers listed under the Fashion category. Our agent can help you compare sellers and options.
products,"Nahitaji Slippers, mnayo?","Ndiyo, Slippers (Slippers) inapatikana kwenye category ya Fashion. Upatikanaji unaweza kutofautiana kulingana na muuzaji."
pricing,What is the price of Slippers?,"The price of Slippers depends on brand, size, quantity, and seller. Please specify your preferred option so we can give you an exact quote."
pricing,Bei ya Slippers ni kiasi gani?,"Bei ya Slippers inategemea aina, ukubwa, kiasi, na muuzaji. Tafadhali eleza mahitaji yako ili tukupatie bei sahihi."
pricing,Do you offer discounts on Slippers for bulk orders?,Bulk pricing on Slippers may be available depending on the seller. Please share the quantity you need so we can arrange a bulk quote.
products,Is Handbags available in stock?,"Yes, Handbags is available under the Fashion category. Availability and exact stock levels may vary by seller."
products,Where can I find Handbags?,You can find Handbags listed under the Fashion category. Our agent can help you compare sellers and options.
products,"Nahitaji Handbags, mnayo?","Ndiyo, Handbags (Handbags) inapatikana kwenye category ya Fashion. Upatikanaji unaweza kutofautiana kulingana na muuzaji."
pricing,What is the price of Handbags?,"The price of Handbags depends on brand, size, quantity, and seller. Please specify your preferred option so we can give you an exact quote."
pricing,Bei ya Handbags ni kiasi gani?,"Bei ya Handbags inategemea aina, ukubwa, kiasi, na muuzaji. Tafadhali eleza mahitaji yako ili tukupatie bei sahihi."
pricing,Do you offer discounts on Handbags for bulk orders?,Bulk pricing on Handbags may be available depending on the seller. Please share the quantity you need so we can arrange a bulk quote.
products,Is Backpacks available in stock?,"Yes, Backpacks is available under the Fashion category. Availability and exact stock levels may vary by seller."
products,Where can I find Backpacks?,You can find Backpacks listed under the Fashion category. Our agent can help you compare sellers and options.
products,"Nahitaji Mabegi ya mgongoni, mnayo?","Ndiyo, Mabegi ya mgongoni (Backpacks) inapatikana kwenye category ya Fashion. Upatikanaji unaweza kutofautiana kulingana na muuzaji."
pricing,What is the price of Backpacks?,"The price of Backpacks depends on brand, size, quantity, and seller. Please specify your preferred option so we can give you an exact quote."
pricing,Bei ya Mabegi ya mgongoni ni kiasi gani?,"Bei ya Mabegi ya mgongoni inategemea aina, ukubwa, kiasi, na muuzaji. Tafadhali eleza mahitaji yako ili tukupatie bei sahihi."
pricing,Do you offer discounts on Backpacks for bulk orders?,Bulk pricing on Backpacks may be available depending on the seller. Please share the quantity you need so we can arrange a bulk quote.
products,Is Belts available in stock?,"Yes, Belts is available under the Fashion category. Availability and exact stock levels may vary by seller."
products,Where can I find Belts?,You can find Belts listed under the Fashion category. Our agent can help you compare sellers and options.
products,"Nahitaji Mikanda, mnayo?","Ndiyo, Mikanda (Belts) inapatikana kwenye category ya Fashion. Upatikanaji unaweza kutofautiana kulingana na muuzaji."
pricing,What is the price of Belts?,"The price of Belts depends on brand, size, quantity, and seller. Please specify your preferred option so we can give you an exact quote."
pricing,Bei ya Mikanda ni kiasi gani?,"Bei ya Mikanda inategemea aina, ukubwa, kiasi, na muuzaji. Tafadhali eleza mahitaji yako ili tukupatie bei sahihi."
pricing,Do you offer discounts on Belts for bulk orders?,Bulk pricing on Belts may be available depending on the seller. Please share the quantity you need so we can arrange a bulk quote.
products,Is Watches available in stock?,"Yes, Watches is available under the Fashion category. Availability and exact stock levels may vary by seller."
products,Where can I find Watches?,You can find Watches listed under the Fashion category. Our agent can help you compare sellers and options.
products,"Nahitaji Saa, mnayo?","Ndiyo, Saa (Watches) inapatikana kwenye category ya Fashion. Upatikanaji unaweza kutofautiana kulingana na muuzaji."
pricing,What is the price of Watches?,"The price of Watches depends on brand, size, quantity, and seller. Please specify your preferred option so we can give you an exact quote."
pricing,Bei ya Saa ni kiasi gani?,"Bei ya Saa inategemea aina, ukubwa, kiasi, na muuzaji. Tafadhali eleza mahitaji yako ili tukupatie bei sahihi."
pricing,Do you offer discounts on Watches for bulk orders?,Bulk pricing on Watches may be available depending on the seller. Please share the quantity you need so we can arrange a bulk quote.
products,Is Caps available in stock?,"Yes, Caps is available under the Fashion category. Availability and exact stock levels may vary by seller."
products,Where can I find Caps?,You can find Caps listed under the Fashion category. Our agent can help you compare sellers and options.
products,"Nahitaji Kofia, mnayo?","Ndiyo, Kofia (Caps) inapatikana kwenye category ya Fashion. Upatikanaji unaweza kutofautiana kulingana na muuzaji."
pricing,What is the price of Caps?,"The price of Caps depends on brand, size, quantity, and seller. Please specify your preferred option so we can give you an exact quote."
pricing,Bei ya Kofia ni kiasi gani?,"Bei ya Kofia inategemea aina, ukubwa, kiasi, na muuzaji. Tafadhali eleza mahitaji yako ili tukupatie bei sahihi."
pricing,Do you offer discounts on Caps for bulk orders?,Bulk pricing on Caps may be available depending on the seller. Please share the quantity you need so we can arrange a bulk quote.
products,Is Hijabs available in stock?,"Yes, Hijabs is available under the Fashion category. Availability and exact stock levels may vary by seller."
products,Where can I find Hijabs?,You can find Hijabs listed under the Fashion category. Our agent can help you compare sellers and options.
products,"Nahitaji Hijab, mnayo?","Ndiyo, Hijab (Hijabs) inapatikana kwenye category ya Fashion. Upatikanaji unaweza kutofautiana kulingana na muuzaji."
pricing,What is the price of Hijabs?,"The price of Hijabs depends on brand, size, quantity, and seller. Please specify your preferred option so we can give you an exact quote."
pricing,Bei ya Hijab ni kiasi gani?,"Bei ya Hijab inategemea aina, ukubwa, kiasi, na muuzaji. Tafadhali eleza mahitaji yako ili tukupatie bei sahihi."
pricing,Do you offer discounts on Hijabs for bulk orders?,Bulk pricing on Hijabs may be available depending on the seller. Please share the quantity you need so we can arrange a bulk quote.
products,Is Abayas available in stock?,"Yes, Abayas is available under the Fashion category. Availability and exact stock levels may vary by seller."
products,Where can I find Abayas?,You can find Abayas listed under the Fashion category. Our agent can help you compare sellers and options.
products,"Nahitaji Abaya, mnayo?","Ndiyo, Abaya (Abayas) inapatikana kwenye category ya Fashion. Upatikanaji unaweza kutofautiana kulingana na muuzaji."
pricing,What is the price of Abayas?,"The price of Abayas depends on brand, size, quantity, and seller. Please specify your preferred option so we can give you an exact quote."
pricing,Bei ya Abaya ni kiasi gani?,"Bei ya Abaya inategemea aina, ukubwa, kiasi, na muuzaji. Tafadhali eleza mahitaji yako ili tukupatie bei sahihi."
pricing,Do you offer discounts on Abayas for bulk orders?,Bulk pricing on Abayas may be available depending on the seller. Please share the quantity you need so we can arrange a bulk quote.
products,Is School uniforms available in stock?,"Yes, School uniforms is available under the Fashion category. Availability and exact stock levels may vary by seller."
products,Where can I find School uniforms?,You can find School uniforms listed under the Fashion category. Our agent can help you compare sellers and options.
products,"Nahitaji Sare za shule, mnayo?","Ndiyo, Sare za shule (School uniforms) inapatikana kwenye category ya Fashion. Upatikanaji unaweza kutofautiana kulingana na muuzaji."
pricing,What is the price of School uniforms?,"The price of School uniforms depends on brand, size, quantity, and seller. Please specify your preferred option so we can give you an exact quote."
pricing,Bei ya Sare za shule ni kiasi gani?,"Bei ya Sare za shule inategemea aina, ukubwa, kiasi, na muuzaji. Tafadhali eleza mahitaji yako ili tukupatie bei sahihi."
pricing,Do you offer discounts on School uniforms for bulk orders?,Bulk pricing on School uniforms may be available depending on the seller. Please share the quantity you need so we can arrange a bulk quote.
products,Is Mattresses available in stock?,"Yes, Mattresses is available under the Home and Kitchen category. Availability and exact stock levels may vary by seller."
products,Where can I find Mattresses?,You can find Mattresses listed under the Home and Kitchen category. Our agent can help you compare sellers and options.
products,"Nahitaji Magodoro, mnayo?","Ndiyo, Magodoro (Mattresses) inapatikana kwenye category ya Home and Kitchen. Upatikanaji unaweza kutofautiana kulingana na muuzaji."
pricing,What is the price of Mattresses?,"The price of Mattresses depends on brand, size, quantity, and seller. Please specify your preferred option so we can give you an exact quote."
pricing,Bei ya Magodoro ni kiasi gani?,"Bei ya Magodoro inategemea aina, ukubwa, kiasi, na muuzaji. Tafadhali eleza mahitaji yako ili tukupatie bei sahihi."
pricing,Do you offer discounts on Mattresses for bulk orders?,Bulk pricing on Mattresses may be available depending on the seller. Please share the quantity you need so we can arrange a bulk quote.
products,Is Beds available in stock?,"Yes, Beds is available under the Home and Kitchen category. Availability and exact stock levels may vary by seller."
products,Where can I find Beds?,You can find Beds listed under the Home and Kitchen category. Our agent can help you compare sellers and options.
products,"Nahitaji Vitanda, mnayo?","Ndiyo, Vitanda (Beds) inapatikana kwenye category ya Home and Kitchen. Upatikanaji unaweza kutofautiana kulingana na muuzaji."
pricing,What is the price of Beds?,"The price of Beds depends on brand, size, quantity, and seller. Please specify your preferred option so we can give you an exact quote."
pricing,Bei ya Vitanda ni kiasi gani?,"Bei ya Vitanda inategemea aina, ukubwa, kiasi, na muuzaji. Tafadhali eleza mahitaji yako ili tukupatie bei sahihi."
pricing,Do you offer discounts on Beds for bulk orders?,Bulk pricing on Beds may be available depending on the seller. Please share the quantity you need so we can arrange a bulk quote.
products,Is Chairs available in stock?,"Yes, Chairs is available under the Home and Kitchen category. Availability and exact stock levels may vary by seller."
products,Where can I find Chairs?,You can find Chairs listed under the Home and Kitchen category. Our agent can help you compare sellers and options.
products,"Nahitaji Viti, mnayo?","Ndiyo, Viti (Chairs) inapatikana kwenye category ya Home and Kitchen. Upatikanaji unaweza kutofautiana kulingana na muuzaji."
pricing,What is the price of Chairs?,"The price of Chairs depends on brand, size, quantity, and seller. Please specify your preferred option so we can give you an exact quote."
pricing,Bei ya Viti ni kiasi gani?,"Bei ya Viti inategemea aina, ukubwa, kiasi, na muuzaji. Tafadhali eleza mahitaji yako ili tukupatie bei sahihi."
pricing,Do you offer discounts on Chairs for bulk orders?,Bulk pricing on Chairs may be available depending on the seller. Please share the quantity you need so we can arrange a bulk quote.
products,Is Tables available in stock?,"Yes, Tables is available under the Home and Kitchen category. Availability and exact stock levels may vary by seller."
products,Where can I find Tables?,You can find Tables listed under the Home and Kitchen category. Our agent can help you compare sellers and options.
products,"Nahitaji Meza, mnayo?","Ndiyo, Meza (Tables) inapatikana kwenye category ya Home and Kitchen. Upatikanaji unaweza kutofautiana kulingana na muuzaji."
pricing,What is the price of Tables?,"The price of Tables depends on brand, size, quantity, and seller. Please specify your preferred option so we can give you an exact quote."
pricing,Bei ya Meza ni kiasi gani?,"Bei ya Meza inategemea aina, ukubwa, kiasi, na muuzaji. Tafadhali eleza mahitaji yako ili tukupatie bei sahihi."
pricing,Do you offer discounts on Tables for bulk orders?,Bulk pricing on Tables may be available depending on the seller. Please share the quantity you need so we can arrange a bulk quote.
products,Is Sofas available in stock?,"Yes, Sofas is available under the Home and Kitchen category. Availability and exact stock levels may vary by seller."
products,Where can I find Sofas?,You can find Sofas listed under the Home and Kitchen category. Our agent can help you compare sellers and options.
products,"Nahitaji Sofa, mnayo?","Ndiyo, Sofa (Sofas) inapatikana kwenye category ya Home and Kitchen. Upatikanaji unaweza kutofautiana kulingana na muuzaji."
pricing,What is the price of Sofas?,"The price of Sofas depends on brand, size, quantity, and seller. Please specify your preferred option so we can give you an exact quote."
pricing,Bei ya Sofa ni kiasi gani?,"Bei ya Sofa inategemea aina, ukubwa, kiasi, na muuzaji. Tafadhali eleza mahitaji yako ili tukupatie bei sahihi."
pricing,Do you offer discounts on Sofas for bulk orders?,Bulk pricing on Sofas may be available depending on the seller. Please share the quantity you need so we can arrange a bulk quote.
products,Is Curtains available in stock?,"Yes, Curtains is available under the Home and Kitchen category. Availability and exact stock levels may vary by seller."
products,Where can I find Curtains?,You can find Curtains listed under the Home and Kitchen category. Our agent can help you compare sellers and options.
products,"Nahitaji Mapazia, mnayo?","Ndiyo, Mapazia (Curtains) inapatikana kwenye category ya Home and Kitchen. Upatikanaji unaweza kutofautiana kulingana na muuzaji."
pricing,What is the price of Curtains?,"The price of Curtains depends on brand, size, quantity, and seller. Please specify your preferred option so we can give you an exact quote."
pricing,Bei ya Mapazia ni kiasi gani?,"Bei ya Mapazia inategemea aina, ukubwa, kiasi, na muuzaji. Tafadhali eleza mahitaji yako ili tukupatie bei sahihi."
pricing,Do you offer discounts on Curtains for bulk orders?,Bulk pricing on Curtains may be available depending on the seller. Please share the quantity you need so we can arrange a bulk quote.
products,Is Carpets available in stock?,"Yes, Carpets is available under the Home and Kitchen category. Availability and exact stock levels may vary by seller."
products,Where can I find Carpets?,You can find Carpets listed under the Home and Kitchen category. Our agent can help you compare sellers and options.
products,"Nahitaji Mazulia, mnayo?","Ndiyo, Mazulia (Carpets) inapatikana kwenye category ya Home and Kitchen. Upatikanaji unaweza kutofautiana kulingana na muuzaji."
pricing,What is the price of Carpets?,"The price of Carpets depends on brand, size, quantity, and seller. Please specify your preferred option so we can give you an exact quote."
pricing,Bei ya Mazulia ni kiasi gani?,"Bei ya Mazulia inategemea aina, ukubwa, kiasi, na muuzaji. Tafadhali eleza mahitaji yako ili tukupatie bei sahihi."
pricing,Do you offer discounts on Carpets for bulk orders?,Bulk pricing on Carpets may be available depending on the seller. Please share the quantity you need so we can arrange a bulk quote.
products,Is Bedsheets available in stock?,"Yes, Bedsheets is available under the Home and Kitchen category. Availability and exact stock levels may vary by seller."
products,Where can I find Bedsheets?,You can find Bedsheets listed under the Home and Kitchen category. Our agent can help you compare sellers and options.
products,"Nahitaji Mashuka, mnayo?","Ndiyo, Mashuka (Bedsheets) inapatikana kwenye category ya Home and Kitchen. Upatikanaji unaweza kutofautiana kulingana na muuzaji."
pricing,What is the price of Bedsheets?,"The price of Bedsheets depends on brand, size, quantity, and seller. Please specify your preferred option so we can give you an exact quote."
pricing,Bei ya Mashuka ni kiasi gani?,"Bei ya Mashuka inategemea aina, ukubwa, kiasi, na muuzaji. Tafadhali eleza mahitaji yako ili tukupatie bei sahihi."
pricing,Do you offer discounts on Bedsheets for bulk orders?,Bulk pricing on Bedsheets may be available depending on the seller. Please share the quantity you need so we can arrange a bulk quote.
products,Is Pillows available in stock?,"Yes, Pillows is available under the Home and Kitchen category. Availability and exact stock levels may vary by seller."
products,Where can I find Pillows?,You can find Pillows listed under the Home and Kitchen category. Our agent can help you compare sellers and options.
products,"Nahitaji Mito, mnayo?","Ndiyo, Mito (Pillows) inapatikana kwenye category ya Home and Kitchen. Upatikanaji unaweza kutofautiana kulingana na muuzaji."
pricing,What is the price of Pillows?,"The price of Pillows depends on brand, size, quantity, and seller. Please specify your preferred option so we can give you an exact quote."
pricing,Bei ya Mito ni kiasi gani?,"Bei ya Mito inategemea aina, ukubwa, kiasi, na muuzaji. Tafadhali eleza mahitaji yako ili tukupatie bei sahihi."
pricing,Do you offer discounts on Pillows for bulk orders?,Bulk pricing on Pillows may be available depending on the seller. Please share the quantity you need so we can arrange a bulk quote.
products,Is Blankets available in stock?,"Yes, Blankets is available under the Home and Kitchen category. Availability and exact stock levels may vary by seller."
products,Where can I find Blankets?,You can find Blankets listed under the Home and Kitchen category. Our agent can help you compare sellers and options.
products,"Nahitaji Blanketi, mnayo?","Ndiyo, Blanketi (Blankets) inapatikana kwenye category ya Home and Kitchen. Upatikanaji unaweza kutofautiana kulingana na muuzaji."
pricing,What is the price of Blankets?,"The price of Blankets depends on brand, size, quantity, and seller. Please specify your preferred option so we can give you an exact quote."
pricing,Bei ya Blanketi ni kiasi gani?,"Bei ya Blanketi inategemea aina, ukubwa, kiasi, na muuzaji. Tafadhali eleza mahitaji yako ili tukupatie bei sahihi."
pricing,Do you offer discounts on Blankets for bulk orders?,Bulk pricing on Blankets may be available depending on the seller. Please share the quantity you need so we can arrange a bulk quote.
products,Is Gas cookers available in stock?,"Yes, Gas cookers is available under the Home and Kitchen category. Availability and exact stock levels may vary by seller."
products,Where can I find Gas cookers?,You can find Gas cookers listed under the Home and Kitchen category. Our agent can help you compare sellers and options.
products,"Nahitaji Jiko la gesi, mnayo?","Ndiyo, Jiko la gesi (Gas cookers) inapatikana kwenye category ya Home and Kitchen. Upatikanaji unaweza kutofautiana kulingana na muuzaji."
pricing,What is the price of Gas cookers?,"The price of Gas cookers depends on brand, size, quantity, and seller. Please specify your preferred option so we can give you an exact quote."
pricing,Bei ya Jiko la gesi ni kiasi gani?,"Bei ya Jiko la gesi inategemea aina, ukubwa, kiasi, na muuzaji. Tafadhali eleza mahitaji yako ili tukupatie bei sahihi."
pricing,Do you offer discounts on Gas cookers for bulk orders?,Bulk pricing on Gas cookers may be available depending on the seller. Please share the quantity you need so we can arrange a bulk quote.
products,Is Gas cylinders available in stock?,"Yes, Gas cylinders is available under the Home and Kitchen category. Availability and exact stock levels may vary by seller."
products,Where can I find Gas cylinders?,You can find Gas cylinders listed under the Home and Kitchen category. Our agent can help you compare sellers and options.
products,"Nahitaji Mtungi wa gesi, mnayo?","Ndiyo, Mtungi wa gesi (Gas cylinders) inapatikana kwenye category ya Home and Kitchen. Upatikanaji unaweza kutofautiana kulingana na muuzaji."
pricing,What is the price of Gas cylinders?,"The price of Gas cylinders depends on brand, size, quantity, and seller. Please specify your preferred option so we can give you an exact quote."
pricing,Bei ya Mtungi wa gesi ni kiasi gani?,"Bei ya Mtungi wa gesi inategemea aina, ukubwa, kiasi, na muuzaji. Tafadhali eleza mahitaji yako ili tukupatie bei sahihi."
pricing,Do you offer discounts on Gas cylinders for bulk orders?,Bulk pricing on Gas cylinders may be available depending on the seller. Please share the quantity you need so we can arrange a bulk quote.
products,Is Rice cookers available in stock?,"Yes, Rice cookers is available under the Home and Kitchen category. Availability and exact stock levels may vary by seller."
products,Where can I find Rice cookers?,You can find Rice cookers listed under the Home and Kitchen category. Our agent can help you compare sellers and options.
products,"Nahitaji Rice cooker, mnayo?","Ndiyo, Rice cooker (Rice cookers) inapatikana kwenye category ya Home and Kitchen. Upatikanaji unaweza kutofautiana kulingana na muuzaji."
pricing,What is the price of Rice cookers?,"The price of Rice cookers depends on brand, size, quantity, and seller. Please specify your preferred option so we can give you an exact quote."
pricing,Bei ya Rice cooker ni kiasi gani?,"Bei ya Rice cooker inategemea aina, ukubwa, kiasi, na muuzaji. Tafadhali eleza mahitaji yako ili tukupatie bei sahihi."
pricing,Do you offer discounts on Rice cookers for bulk orders?,Bulk pricing on Rice cookers may be available depending on the seller. Please share the quantity you need so we can arrange a bulk quote.
products,Is Pressure cookers available in stock?,"Yes, Pressure cookers is available under the Home and Kitchen category. Availability and exact stock levels may vary by seller."
products,Where can I find Pressure cookers?,You can find Pressure cookers listed under the Home and Kitchen category. Our agent can help you compare sellers and options.
products,"Nahitaji Pressure cooker, mnayo?","Ndiyo, Pressure cooker (Pressure cookers) inapatikana kwenye category ya Home and Kitchen. Upatikanaji unaweza kutofautiana kulingana na muuzaji."
pricing,What is the price of Pressure cookers?,"The price of Pressure cookers depends on brand, size, quantity, and seller. Please specify your preferred option so we can give you an exact quote."
pricing,Bei ya Pressure cooker ni kiasi gani?,"Bei ya Pressure cooker inategemea aina, ukubwa, kiasi, na muuzaji. Tafadhali eleza mahitaji yako ili tukupatie bei sahihi."
pricing,Do you offer discounts on Pressure cookers for bulk orders?,Bulk pricing on Pressure cookers may be available depending on the seller. Please share the quantity you need so we can arrange a bulk quote.
products,Is Kettles available in stock?,"Yes, Kettles is available under the Home and Kitchen category. Availability and exact stock levels may vary by seller."
products,Where can I find Kettles?,You can find Kettles listed under the Home and Kitchen category. Our agent can help you compare sellers and options.
products,"Nahitaji Kettle, mnayo?","Ndiyo, Kettle (Kettles) inapatikana kwenye category ya Home and Kitchen. Upatikanaji unaweza kutofautiana kulingana na muuzaji."
pricing,What is the price of Kettles?,"The price of Kettles depends on brand, size, quantity, and seller. Please specify your preferred option so we can give you an exact quote."
pricing,Bei ya Kettle ni kiasi gani?,"Bei ya Kettle inategemea aina, ukubwa, kiasi, na muuzaji. Tafadhali eleza mahitaji yako ili tukupatie bei sahihi."
pricing,Do you offer discounts on Kettles for bulk orders?,Bulk pricing on Kettles may be available depending on the seller. Please share the quantity you need so we can arrange a bulk quote.
products,Is Plates available in stock?,"Yes, Plates is available under the Home and Kitchen category. Availability and exact stock levels may vary by seller."
products,Where can I find Plates?,You can find Plates listed under the Home and Kitchen category. Our agent can help you compare sellers and options.
products,"Nahitaji Sahani, mnayo?","Ndiyo, Sahani (Plates) inapatikana kwenye category ya Home and Kitchen. Upatikanaji unaweza kutofautiana kulingana na muuzaji."
pricing,What is the price of Plates?,"The price of Plates depends on brand, size, quantity, and seller. Please specify your preferred option so we can give you an exact quote."
pricing,Bei ya Sahani ni kiasi gani?,"Bei ya Sahani inategemea aina, ukubwa, kiasi, na muuzaji. Tafadhali eleza mahitaji yako ili tukupatie bei sahihi."
pricing,Do you offer discounts on Plates for bulk orders?,Bulk pricing on Plates may be available depending on the seller. Please share the quantity you need so we can arrange a bulk quote.
products,Is Cups available in stock?,"Yes, Cups is available under the Home and Kitchen category. Availability and exact stock levels may vary by seller."
products,Where can I find Cups?,You can find Cups listed under the Home and Kitchen category. Our agent can help you compare sellers and options.
products,"Nahitaji Vikombe, mnayo?","Ndiyo, Vikombe (Cups) inapatikana kwenye category ya Home and Kitchen. Upatikanaji unaweza kutofautiana kulingana na muuzaji."
pricing,What is the price of Cups?,"The price of Cups depends on brand, size, quantity, and seller. Please specify your preferred option so we can give you an exact quote."
pricing,Bei ya Vikombe ni kiasi gani?,"Bei ya Vikombe inategemea aina, ukubwa, kiasi, na muuzaji. Tafadhali eleza mahitaji yako ili tukupatie bei sahihi."
pricing,Do you offer discounts on Cups for bulk orders?,Bulk pricing on Cups may be available depending on the seller. Please share the quantity you need so we can arrange a bulk quote.
products,Is Cooking pots available in stock?,"Yes, Cooking pots is available under the Home and Kitchen category. Availability and exact stock levels may vary by seller."
products,Where can I find Cooking pots?,You can find Cooking pots listed under the Home and Kitchen category. Our agent can help you compare sellers and options.
products,"Nahitaji Sufuria, mnayo?","Ndiyo, Sufuria (Cooking pots) inapatikana kwenye category ya Home and Kitchen. Upatikanaji unaweza kutofautiana kulingana na muuzaji."
pricing,What is the price of Cooking pots?,"The price of Cooking pots depends on brand, size, quantity, and seller. Please specify your preferred option so we can give you an exact quote."
pricing,Bei ya Sufuria ni kiasi gani?,"Bei ya Sufuria inategemea aina, ukubwa, kiasi, na muuzaji. Tafadhali eleza mahitaji yako ili tukupatie bei sahihi."
pricing,Do you offer discounts on Cooking pots for bulk orders?,Bulk pricing on Cooking pots may be available depending on the seller. Please share the quantity you need so we can arrange a bulk quote.
products,Is Frying pans available in stock?,"Yes, Frying pans is available under the Home and Kitchen category. Availability and exact stock levels may vary by seller."
products,Where can I find Frying pans?,You can find Frying pans listed under the Home and Kitchen category. Our agent can help you compare sellers and options.
products,"Nahitaji Pani, mnayo?","Ndiyo, Pani (Frying pans) inapatikana kwenye category ya Home and Kitchen. Upatikanaji unaweza kutofautiana kulingana na muuzaji."
pricing,What is the price of Frying pans?,"The price of Frying pans depends on brand, size, quantity, and seller. Please specify your preferred option so we can give you an exact quote."
pricing,Bei ya Pani ni kiasi gani?,"Bei ya Pani inategemea aina, ukubwa, kiasi, na muuzaji. Tafadhali eleza mahitaji yako ili tukupatie bei sahihi."
pricing,Do you offer discounts on Frying pans for bulk orders?,Bulk pricing on Frying pans may be available depending on the seller. Please share the quantity you need so we can arrange a bulk quote.
products,Is Kitchen knives available in stock?,"Yes, Kitchen knives is available under the Home and Kitchen category. Availability and exact stock levels may vary by seller."
products,Where can I find Kitchen knives?,You can find Kitchen knives listed under the Home and Kitchen category. Our agent can help you compare sellers and options.
products,"Nahitaji Visu vya jikoni, mnayo?","Ndiyo, Visu vya jikoni (Kitchen knives) inapatikana kwenye category ya Home and Kitchen. Upatikanaji unaweza kutofautiana kulingana na muuzaji."
pricing,What is the price of Kitchen knives?,"The price of Kitchen knives depends on brand, size, quantity, and seller. Please specify your preferred option so we can give you an exact quote."
pricing,Bei ya Visu vya jikoni ni kiasi gani?,"Bei ya Visu vya jikoni inategemea aina, ukubwa, kiasi, na muuzaji. Tafadhali eleza mahitaji yako ili tukupatie bei sahihi."
pricing,Do you offer discounts on Kitchen knives for bulk orders?,Bulk pricing on Kitchen knives may be available depending on the seller. Please share the quantity you need so we can arrange a bulk quote.
products,Is Water filters available in stock?,"Yes, Water filters is available under the Home and Kitchen category. Availability and exact stock levels may vary by seller."
products,Where can I find Water filters?,You can find Water filters listed under the Home and Kitchen category. Our agent can help you compare sellers and options.
products,"Nahitaji Kichujio cha maji, mnayo?","Ndiyo, Kichujio cha maji (Water filters) inapatikana kwenye category ya Home and Kitchen. Upatikanaji unaweza kutofautiana kulingana na muuzaji."
pricing,What is the price of Water filters?,"The price of Water filters depends on brand, size, quantity, and seller. Please specify your preferred option so we can give you an exact quote."
pricing,Bei ya Kichujio cha maji ni kiasi gani?,"Bei ya Kichujio cha maji inategemea aina, ukubwa, kiasi, na muuzaji. Tafadhali eleza mahitaji yako ili tukupatie bei sahihi."
pricing,Do you offer discounts on Water filters for bulk orders?,Bulk pricing on Water filters may be available depending on the seller. Please share the quantity you need so we can arrange a bulk quote.
products,Is Water dispensers available in stock?,"Yes, Water dispensers is available under the Home and Kitchen category. Availability and exact stock levels may vary by seller."
products,Where can I find Water dispensers?,You can find Water dispensers listed under the Home and Kitchen category. Our agent can help you compare sellers and options.
products,"Nahitaji Dispenser ya maji, mnayo?","Ndiyo, Dispenser ya maji (Water dispensers) inapatikana kwenye category ya Home and Kitchen. Upatikanaji unaweza kutofautiana kulingana na muuzaji."
pricing,What is the price of Water dispensers?,"The price of Water dispensers depends on brand, size, quantity, and seller. Please specify your preferred option so we can give you an exact quote."
pricing,Bei ya Dispenser ya maji ni kiasi gani?,"Bei ya Dispenser ya maji inategemea aina, ukubwa, kiasi, na muuzaji. Tafadhali eleza mahitaji yako ili tukupatie bei sahihi."
pricing,Do you offer discounts on Water dispensers for bulk orders?,Bulk pricing on Water dispensers may be available depending on the seller. Please share the quantity you need so we can arrange a bulk quote.
products,Is Seeds available in stock?,"Yes, Seeds is available under the Agriculture category. Availability and exact stock levels may vary by seller."
products,Where can I find Seeds?,You can find Seeds listed under the Agriculture category. Our agent can help you compare sellers and options.
products,"Nahitaji Mbegu, mnayo?","Ndiyo, Mbegu (Seeds) inapatikana kwenye category ya Agriculture. Upatikanaji unaweza kutofautiana kulingana na muuzaji."
pricing,What is the price of Seeds?,"The price of Seeds depends on brand, size, quantity, and seller. Please specify your preferred option so we can give you an exact quote."
pricing,Bei ya Mbegu ni kiasi gani?,"Bei ya Mbegu inategemea aina, ukubwa, kiasi, na muuzaji. Tafadhali eleza mahitaji yako ili tukupatie bei sahihi."
pricing,Do you offer discounts on Seeds for bulk orders?,Bulk pricing on Seeds may be available depending on the seller. Please share the quantity you need so we can arrange a bulk quote.
products,Is Fertilizers available in stock?,"Yes, Fertilizers is available under the Agriculture category. Availability and exact stock levels may vary by seller."
products,Where can I find Fertilizers?,You can find Fertilizers listed under the Agriculture category. Our agent can help you compare sellers and options.
products,"Nahitaji Mbolea, mnayo?","Ndiyo, Mbolea (Fertilizers) inapatikana kwenye category ya Agriculture. Upatikanaji unaweza kutofautiana kulingana na muuzaji."
pricing,What is the price of Fertilizers?,"The price of Fertilizers depends on brand, size, quantity, and seller. Please specify your preferred option so we can give you an exact quote."
pricing,Bei ya Mbolea ni kiasi gani?,"Bei ya Mbolea inategemea aina, ukubwa, kiasi, na muuzaji. Tafadhali eleza mahitaji yako ili tukupatie bei sahihi."
pricing,Do you offer discounts on Fertilizers for bulk orders?,Bulk pricing on Fertilizers may be available depending on the seller. Please share the quantity you need so we can arrange a bulk quote.
products,Is Pesticides available in stock?,"Yes, Pesticides is available under the Agriculture category. Availability and exact stock levels may vary by seller."
products,Where can I find Pesticides?,You can find Pesticides listed under the Agriculture category. Our agent can help you compare sellers and options.
products,"Nahitaji Dawa za wadudu, mnayo?","Ndiyo, Dawa za wadudu (Pesticides) inapatikana kwenye category ya Agriculture. Upatikanaji unaweza kutofautiana kulingana na muuzaji."
pricing,What is the price of Pesticides?,"The price of Pesticides depends on brand, size, quantity, and seller. Please specify your preferred option so we can give you an exact quote."
pricing,Bei ya Dawa za wadudu ni kiasi gani?,"Bei ya Dawa za wadudu inategemea aina, ukubwa, kiasi, na muuzaji. Tafadhali eleza mahitaji yako ili tukupatie bei sahihi."
pricing,Do you offer discounts on Pesticides for bulk orders?,Bulk pricing on Pesticides may be available depending on the seller. Please share the quantity you need so we can arrange a bulk quote.
products,Is Herbicides available in stock?,"Yes, Herbicides is available under the Agriculture category. Availability and exact stock levels may vary by seller."
products,Where can I find Herbicides?,You can find Herbicides listed under the Agriculture category. Our agent can help you compare sellers and options.
products,"Nahitaji Dawa za magugu, mnayo?","Ndiyo, Dawa za magugu (Herbicides) inapatikana kwenye category ya Agriculture. Upatikanaji unaweza kutofautiana kulingana na muuzaji."
pricing,What is the price of Herbicides?,"The price of Herbicides depends on brand, size, quantity, and seller. Please specify your preferred option so we can give you an exact quote."
pricing,Bei ya Dawa za magugu ni kiasi gani?,"Bei ya Dawa za magugu inategemea aina, ukubwa, kiasi, na muuzaji. Tafadhali eleza mahitaji yako ili tukupatie bei sahihi."
pricing,Do you offer discounts on Herbicides for bulk orders?,Bulk pricing on Herbicides may be available depending on the seller. Please share the quantity you need so we can arrange a bulk quote.
products,Is Irrigation equipment available in stock?,"Yes, Irrigation equipment is available under the Agriculture category. Availability and exact stock levels may vary by seller."
products,Where can I find Irrigation equipment?,You can find Irrigation equipment listed under the Agriculture category. Our agent can help you compare sellers and options.
products,"Nahitaji Vifaa vya umwagiliaji, mnayo?","Ndiyo, Vifaa vya umwagiliaji (Irrigation equipment) inapatikana kwenye category ya Agriculture. Upatikanaji unaweza kutofautiana kulingana na muuzaji."
pricing,What is the price of Irrigation equipment?,"The price of Irrigation equipment depends on brand, size, quantity, and seller. Please specify your preferred option so we can give you an exact quote."
pricing,Bei ya Vifaa vya umwagiliaji ni kiasi gani?,"Bei ya Vifaa vya umwagiliaji inategemea aina, ukubwa, kiasi, na muuzaji. Tafadhali eleza mahitaji yako ili tukupatie bei sahihi."
pricing,Do you offer discounts on Irrigation equipment for bulk orders?,Bulk pricing on Irrigation equipment may be available depending on the seller. Please share the quantity you need so we can arrange a bulk quote.
products,Is Water pumps available in stock?,"Yes, Water pumps is available under the Agriculture category. Availability and exact stock levels may vary by seller."
products,Where can I find Water pumps?,You can find Water pumps listed under the Agriculture category. Our agent can help you compare sellers and options.
products,"Nahitaji Pumpu za maji, mnayo?","Ndiyo, Pumpu za maji (Water pumps) inapatikana kwenye category ya Agriculture. Upatikanaji unaweza kutofautiana kulingana na muuzaji."
pricing,What is the price of Water pumps?,"The price of Water pumps depends on brand, size, quantity, and seller. Please specify your preferred option so we can give you an exact quote."
pricing,Bei ya Pumpu za maji ni kiasi gani?,"Bei ya Pumpu za maji inategemea aina, ukubwa, kiasi, na muuzaji. Tafadhali eleza mahitaji yako ili tukupatie bei sahihi."
pricing,Do you offer discounts on Water pumps for bulk orders?,Bulk pricing on Water pumps may be available depending on the seller. Please share the quantity you need so we can arrange a bulk quote.
products,Is Animal feeds available in stock?,"Yes, Animal feeds is available under the Agriculture category. Availability and exact stock levels may vary by seller."
products,Where can I find Animal feeds?,You can find Animal feeds listed under the Agriculture category. Our agent can help you compare sellers and options.
products,"Nahitaji Chakula cha mifugo, mnayo?","Ndiyo, Chakula cha mifugo (Animal feeds) inapatikana kwenye category ya Agriculture. Upatikanaji unaweza kutofautiana kulingana na muuzaji."
pricing,What is the price of Animal feeds?,"The price of Animal feeds depends on brand, size, quantity, and seller. Please specify your preferred option so we can give you an exact quote."
pricing,Bei ya Chakula cha mifugo ni kiasi gani?,"Bei ya Chakula cha mifugo inategemea aina, ukubwa, kiasi, na muuzaji. Tafadhali eleza mahitaji yako ili tukupatie bei sahihi."
pricing,Do you offer discounts on Animal feeds for bulk orders?,Bulk pricing on Animal feeds may be available depending on the seller. Please share the quantity you need so we can arrange a bulk quote.
products,Is Chicken feeds available in stock?,"Yes, Chicken feeds is available under the Agriculture category. Availability and exact stock levels may vary by seller."
products,Where can I find Chicken feeds?,You can find Chicken feeds listed under the Agriculture category. Our agent can help you compare sellers and options.
products,"Nahitaji Chakula cha kuku, mnayo?","Ndiyo, Chakula cha kuku (Chicken feeds) inapatikana kwenye category ya Agriculture. Upatikanaji unaweza kutofautiana kulingana na muuzaji."
pricing,What is the price of Chicken feeds?,"The price of Chicken feeds depends on brand, size, quantity, and seller. Please specify your preferred option so we can give you an exact quote."
pricing,Bei ya Chakula cha kuku ni kiasi gani?,"Bei ya Chakula cha kuku inategemea aina, ukubwa, kiasi, na muuzaji. Tafadhali eleza mahitaji yako ili tukupatie bei sahihi."
pricing,Do you offer discounts on Chicken feeds for bulk orders?,Bulk pricing on Chicken feeds may be available depending on the seller. Please share the quantity you need so we can arrange a bulk quote.
products,Is Farming tools available in stock?,"Yes, Farming tools is available under the Agriculture category. Availability and exact stock levels may vary by seller."
products,Where can I find Farming tools?,You can find Farming tools listed under the Agriculture category. Our agent can help you compare sellers and options.
products,"Nahitaji Vifaa vya kilimo, mnayo?","Ndiyo, Vifaa vya kilimo (Farming tools) inapatikana kwenye category ya Agriculture. Upatikanaji unaweza kutofautiana kulingana na muuzaji."
pricing,What is the price of Farming tools?,"The price of Farming tools depends on brand, size, quantity, and seller. Please specify your preferred option so we can give you an exact quote."
pricing,Bei ya Vifaa vya kilimo ni kiasi gani?,"Bei ya Vifaa vya kilimo inategemea aina, ukubwa, kiasi, na muuzaji. Tafadhali eleza mahitaji yako ili tukupatie bei sahihi."
pricing,Do you offer discounts on Farming tools for bulk orders?,Bulk pricing on Farming tools may be available depending on the seller. Please share the quantity you need so we can arrange a bulk quote.
products,Is Tractors available in stock?,"Yes, Tractors is available under the Agriculture category. Availability and exact stock levels may vary by seller."
products,Where can I find Tractors?,You can find Tractors listed under the Agriculture category. Our agent can help you compare sellers and options.
products,"Nahitaji Tractor, mnayo?","Ndiyo, Tractor (Tractors) inapatikana kwenye category ya Agriculture. Upatikanaji unaweza kutofautiana kulingana na muuzaji."
pricing,What is the price of Tractors?,"The price of Tractors depends on brand, size, quantity, and seller. Please specify your preferred option so we can give you an exact quote."
pricing,Bei ya Tractor ni kiasi gani?,"Bei ya Tractor inategemea aina, ukubwa, kiasi, na muuzaji. Tafadhali eleza mahitaji yako ili tukupatie bei sahihi."
pricing,Do you offer discounts on Tractors for bulk orders?,Bulk pricing on Tractors may be available depending on the seller. Please share the quantity you need so we can arrange a bulk quote.
products,Is Sprayers available in stock?,"Yes, Sprayers is available under the Agriculture category. Availability and exact stock levels may vary by seller."
products,Where can I find Sprayers?,You can find Sprayers listed under the Agriculture category. Our agent can help you compare sellers and options.
products,"Nahitaji Mashine za kunyunyizia, mnayo?","Ndiyo, Mashine za kunyunyizia (Sprayers) inapatikana kwenye category ya Agriculture. Upatikanaji unaweza kutofautiana kulingana na muuzaji."
pricing,What is the price of Sprayers?,"The price of Sprayers depends on brand, size, quantity, and seller. Please specify your preferred option so we can give you an exact quote."
pricing,Bei ya Mashine za kunyunyizia ni kiasi gani?,"Bei ya Mashine za kunyunyizia inategemea aina, ukubwa, kiasi, na muuzaji. Tafadhali eleza mahitaji yako ili tukupatie bei sahihi."
pricing,Do you offer discounts on Sprayers for bulk orders?,Bulk pricing on Sprayers may be available depending on the seller. Please share the quantity you need so we can arrange a bulk quote.
products,Is Greenhouse materials available in stock?,"Yes, Greenhouse materials is available under the Agriculture category. Availability and exact stock levels may vary by seller."
products,Where can I find Greenhouse materials?,You can find Greenhouse materials listed under the Agriculture category. Our agent can help you compare sellers and options.
products,"Nahitaji Vifaa vya greenhouse, mnayo?","Ndiyo, Vifaa vya greenhouse (Greenhouse materials) inapatikana kwenye category ya Agriculture. Upatikanaji unaweza kutofautiana kulingana na muuzaji."
pricing,What is the price of Greenhouse materials?,"The price of Greenhouse materials depends on brand, size, quantity, and seller. Please specify your preferred option so we can give you an exact quote."
pricing,Bei ya Vifaa vya greenhouse ni kiasi gani?,"Bei ya Vifaa vya greenhouse inategemea aina, ukubwa, kiasi, na muuzaji. Tafadhali eleza mahitaji yako ili tukupatie bei sahihi."
pricing,Do you offer discounts on Greenhouse materials for bulk orders?,Bulk pricing on Greenhouse materials may be available depending on the seller. Please share the quantity you need so we can arrange a bulk quote.
products,Is Solar panels available in stock?,"Yes, Solar panels is available under the Solar and Power category. Availability and exact stock levels may vary by seller."
products,Where can I find Solar panels?,You can find Solar panels listed under the Solar and Power category. Our agent can help you compare sellers and options.
products,"Nahitaji Paneli za sola, mnayo?","Ndiyo, Paneli za sola (Solar panels) inapatikana kwenye category ya Solar and Power. Upatikanaji unaweza kutofautiana kulingana na muuzaji."
pricing,What is the price of Solar panels?,"The price of Solar panels depends on brand, size, quantity, and seller. Please specify your preferred option so we can give you an exact quote."
pricing,Bei ya Paneli za sola ni kiasi gani?,"Bei ya Paneli za sola inategemea aina, ukubwa, kiasi, na muuzaji. Tafadhali eleza mahitaji yako ili tukupatie bei sahihi."
pricing,Do you offer discounts on Solar panels for bulk orders?,Bulk pricing on Solar panels may be available depending on the seller. Please share the quantity you need so we can arrange a bulk quote.
products,Is Solar batteries available in stock?,"Yes, Solar batteries is available under the Solar and Power category. Availability and exact stock levels may vary by seller."
products,Where can I find Solar batteries?,You can find Solar batteries listed under the Solar and Power category. Our agent can help you compare sellers and options.
products,"Nahitaji Betri za sola, mnayo?","Ndiyo, Betri za sola (Solar batteries) inapatikana kwenye category ya Solar and Power. Upatikanaji unaweza kutofautiana kulingana na muuzaji."
pricing,What is the price of Solar batteries?,"The price of Solar batteries depends on brand, size, quantity, and seller. Please specify your preferred option so we can give you an exact quote."
pricing,Bei ya Betri za sola ni kiasi gani?,"Bei ya Betri za sola inategemea aina, ukubwa, kiasi, na muuzaji. Tafadhali eleza mahitaji yako ili tukupatie bei sahihi."
pricing,Do you offer discounts on Solar batteries for bulk orders?,Bulk pricing on Solar batteries may be available depending on the seller. Please share the quantity you need so we can arrange a bulk quote.
products,Is Solar lights available in stock?,"Yes, Solar lights is available under the Solar and Power category. Availability and exact stock levels may vary by seller."
products,Where can I find Solar lights?,You can find Solar lights listed under the Solar and Power category. Our agent can help you compare sellers and options.
products,"Nahitaji Taa za sola, mnayo?","Ndiyo, Taa za sola (Solar lights) inapatikana kwenye category ya Solar and Power. Upatikanaji unaweza kutofautiana kulingana na muuzaji."
pricing,What is the price of Solar lights?,"The price of Solar lights depends on brand, size, quantity, and seller. Please specify your preferred option so we can give you an exact quote."
pricing,Bei ya Taa za sola ni kiasi gani?,"Bei ya Taa za sola inategemea aina, ukubwa, kiasi, na muuzaji. Tafadhali eleza mahitaji yako ili tukupatie bei sahihi."
pricing,Do you offer discounts on Solar lights for bulk orders?,Bulk pricing on Solar lights may be available depending on the seller. Please share the quantity you need so we can arrange a bulk quote.
products,Is Solar street lights available in stock?,"Yes, Solar street lights is available under the Solar and Power category. Availability and exact stock levels may vary by seller."
products,Where can I find Solar street lights?,You can find Solar street lights listed under the Solar and Power category. Our agent can help you compare sellers and options.
products,"Nahitaji Taa za sola za barabarani, mnayo?","Ndiyo, Taa za sola za barabarani (Solar street lights) inapatikana kwenye category ya Solar and Power. Upatikanaji unaweza kutofautiana kulingana na muuzaji."
pricing,What is the price of Solar street lights?,"The price of Solar street lights depends on brand, size, quantity, and seller. Please specify your preferred option so we can give you an exact quote."
pricing,Bei ya Taa za sola za barabarani ni kiasi gani?,"Bei ya Taa za sola za barabarani inategemea aina, ukubwa, kiasi, na muuzaji. Tafadhali eleza mahitaji yako ili tukupatie bei sahihi."
pricing,Do you offer discounts on Solar street lights for bulk orders?,Bulk pricing on Solar street lights may be available depending on the seller. Please share the quantity you need so we can arrange a bulk quote.
products,Is Inverters available in stock?,"Yes, Inverters is available under the Solar and Power category. Availability and exact stock levels may vary by seller."
products,Where can I find Inverters?,You can find Inverters listed under the Solar and Power category. Our agent can help you compare sellers and options.
products,"Nahitaji Inverter, mnayo?","Ndiyo, Inverter (Inverters) inapatikana kwenye category ya Solar and Power. Upatikanaji unaweza kutofautiana kulingana na muuzaji."
pricing,What is the price of Inverters?,"The price of Inverters depends on brand, size, quantity, and seller. Please specify your preferred option so we can give you an exact quote."
pricing,Bei ya Inverter ni kiasi gani?,"Bei ya Inverter inategemea aina, ukubwa, kiasi, na muuzaji. Tafadhali eleza mahitaji yako ili tukupatie bei sahihi."
pricing,Do you offer discounts on Inverters for bulk orders?,Bulk pricing on Inverters may be available depending on the seller. Please share the quantity you need so we can arrange a bulk quote.
products,Is Charge controllers available in stock?,"Yes, Charge controllers is available under the Solar and Power category. Availability and exact stock levels may vary by seller."
products,Where can I find Charge controllers?,You can find Charge controllers listed under the Solar and Power category. Our agent can help you compare sellers and options.
products,"Nahitaji Charge controller, mnayo?","Ndiyo, Charge controller (Charge controllers) inapatikana kwenye category ya Solar and Power. Upatikanaji unaweza kutofautiana kulingana na muuzaji."
pricing,What is the price of Charge controllers?,"The price of Charge controllers depends on brand, size, quantity, and seller. Please specify your preferred option so we can give you an exact quote."
pricing,Bei ya Charge controller ni kiasi gani?,"Bei ya Charge controller inategemea aina, ukubwa, kiasi, na muuzaji. Tafadhali eleza mahitaji yako ili tukupatie bei sahihi."
pricing,Do you offer discounts on Charge controllers for bulk orders?,Bulk pricing on Charge controllers may be available depending on the seller. Please share the quantity you need so we can arrange a bulk quote.
products,Is Power banks available in stock?,"Yes, Power banks is available under the Solar and Power category. Availability and exact stock levels may vary by seller."
products,Where can I find Power banks?,You can find Power banks listed under the Solar and Power category. Our agent can help you compare sellers and options.
products,"Nahitaji Power bank, mnayo?","Ndiyo, Power bank (Power banks) inapatikana kwenye category ya Solar and Power. Upatikanaji unaweza kutofautiana kulingana na muuzaji."
pricing,What is the price of Power banks?,"The price of Power banks depends on brand, size, quantity, and seller. Please specify your preferred option so we can give you an exact quote."
pricing,Bei ya Power bank ni kiasi gani?,"Bei ya Power bank inategemea aina, ukubwa, kiasi, na muuzaji. Tafadhali eleza mahitaji yako ili tukupatie bei sahihi."
pricing,Do you offer discounts on Power banks for bulk orders?,Bulk pricing on Power banks may be available depending on the seller. Please share the quantity you need so we can arrange a bulk quote.
products,Is Generators available in stock?,"Yes, Generators is available under the Solar and Power category. Availability and exact stock levels may vary by seller."
products,Where can I find Generators?,You can find Generators listed under the Solar and Power category. Our agent can help you compare sellers and options.
products,"Nahitaji Generator, mnayo?","Ndiyo, Generator (Generators) inapatikana kwenye category ya Solar and Power. Upatikanaji unaweza kutofautiana kulingana na muuzaji."
pricing,What is the price of Generators?,"The price of Generators depends on brand, size, quantity, and seller. Please specify your preferred option so we can give you an exact quote."
pricing,Bei ya Generator ni kiasi gani?,"Bei ya Generator inategemea aina, ukubwa, kiasi, na muuzaji. Tafadhali eleza mahitaji yako ili tukupatie bei sahihi."
pricing,Do you offer discounts on Generators for bulk orders?,Bulk pricing on Generators may be available depending on the seller. Please share the quantity you need so we can arrange a bulk quote.
products,Is Extension cables available in stock?,"Yes, Extension cables is available under the Solar and Power category. Availability and exact stock levels may vary by seller."
products,Where can I find Extension cables?,You can find Extension cables listed under the Solar and Power category. Our agent can help you compare sellers and options.
products,"Nahitaji Kebo za kuongeza, mnayo?","Ndiyo, Kebo za kuongeza (Extension cables) inapatikana kwenye category ya Solar and Power. Upatikanaji unaweza kutofautiana kulingana na muuzaji."
pricing,What is the price of Extension cables?,"The price of Extension cables depends on brand, size, quantity, and seller. Please specify your preferred option so we can give you an exact quote."
pricing,Bei ya Kebo za kuongeza ni kiasi gani?,"Bei ya Kebo za kuongeza inategemea aina, ukubwa, kiasi, na muuzaji. Tafadhali eleza mahitaji yako ili tukupatie bei sahihi."
pricing,Do you offer discounts on Extension cables for bulk orders?,Bulk pricing on Extension cables may be available depending on the seller. Please share the quantity you need so we can arrange a bulk quote.
products,Is Electric bulbs available in stock?,"Yes, Electric bulbs is available under the Solar and Power category. Availability and exact stock levels may vary by seller."
products,Where can I find Electric bulbs?,You can find Electric bulbs listed under the Solar and Power category. Our agent can help you compare sellers and options.
products,"Nahitaji Balbu, mnayo?","Ndiyo, Balbu (Electric bulbs) inapatikana kwenye category ya Solar and Power. Upatikanaji unaweza kutofautiana kulingana na muuzaji."
pricing,What is the price of Electric bulbs?,"The price of Electric bulbs depends on brand, size, quantity, and seller. Please specify your preferred option so we can give you an exact quote."
pricing,Bei ya Balbu ni kiasi gani?,"Bei ya Balbu inategemea aina, ukubwa, kiasi, na muuzaji. Tafadhali eleza mahitaji yako ili tukupatie bei sahihi."
pricing,Do you offer discounts on Electric bulbs for bulk orders?,Bulk pricing on Electric bulbs may be available depending on the seller. Please share the quantity you need so we can arrange a bulk quote.
products,Is Rechargeable lamps available in stock?,"Yes, Rechargeable lamps is available under the Solar and Power category. Availability and exact stock levels may vary by seller."
products,Where can I find Rechargeable lamps?,You can find Rechargeable lamps listed under the Solar and Power category. Our agent can help you compare sellers and options.
products,"Nahitaji Taa zinazochajiwa, mnayo?","Ndiyo, Taa zinazochajiwa (Rechargeable lamps) inapatikana kwenye category ya Solar and Power. Upatikanaji unaweza kutofautiana kulingana na muuzaji."
pricing,What is the price of Rechargeable lamps?,"The price of Rechargeable lamps depends on brand, size, quantity, and seller. Please specify your preferred option so we can give you an exact quote."
pricing,Bei ya Taa zinazochajiwa ni kiasi gani?,"Bei ya Taa zinazochajiwa inategemea aina, ukubwa, kiasi, na muuzaji. Tafadhali eleza mahitaji yako ili tukupatie bei sahihi."
pricing,Do you offer discounts on Rechargeable lamps for bulk orders?,Bulk pricing on Rechargeable lamps may be available depending on the seller. Please share the quantity you need so we can arrange a bulk quote.
products,Is Diapers available in stock?,"Yes, Diapers is available under the Baby Products category. Availability and exact stock levels may vary by seller."
products,Where can I find Diapers?,You can find Diapers listed under the Baby Products category. Our agent can help you compare sellers and options.
products,"Nahitaji Diapers, mnayo?","Ndiyo, Diapers (Diapers) inapatikana kwenye category ya Baby Products. Upatikanaji unaweza kutofautiana kulingana na muuzaji."
pricing,What is the price of Diapers?,"The price of Diapers depends on brand, size, quantity, and seller. Please specify your preferred option so we can give you an exact quote."
pricing,Bei ya Diapers ni kiasi gani?,"Bei ya Diapers inategemea aina, ukubwa, kiasi, na muuzaji. Tafadhali eleza mahitaji yako ili tukupatie bei sahihi."
pricing,Do you offer discounts on Diapers for bulk orders?,Bulk pricing on Diapers may be available depending on the seller. Please share the quantity you need so we can arrange a bulk quote.
products,Is Baby formula available in stock?,"Yes, Baby formula is available under the Baby Products category. Availability and exact stock levels may vary by seller."
products,Where can I find Baby formula?,You can find Baby formula listed under the Baby Products category. Our agent can help you compare sellers and options.
products,"Nahitaji Maziwa ya watoto, mnayo?","Ndiyo, Maziwa ya watoto (Baby formula) inapatikana kwenye category ya Baby Products. Upatikanaji unaweza kutofautiana kulingana na muuzaji."
pricing,What is the price of Baby formula?,"The price of Baby formula depends on brand, size, quantity, and seller. Please specify your preferred option so we can give you an exact quote."
pricing,Bei ya Maziwa ya watoto ni kiasi gani?,"Bei ya Maziwa ya watoto inategemea aina, ukubwa, kiasi, na muuzaji. Tafadhali eleza mahitaji yako ili tukupatie bei sahihi."
pricing,Do you offer discounts on Baby formula for bulk orders?,Bulk pricing on Baby formula may be available depending on the seller. Please share the quantity you need so we can arrange a bulk quote.
products,Is Baby clothes available in stock?,"Yes, Baby clothes is available under the Baby Products category. Availability and exact stock levels may vary by seller."
products,Where can I find Baby clothes?,You can find Baby clothes listed under the Baby Products category. Our agent can help you compare sellers and options.
products,"Nahitaji Nguo za watoto, mnayo?","Ndiyo, Nguo za watoto (Baby clothes) inapatikana kwenye category ya Baby Products. Upatikanaji unaweza kutofautiana kulingana na muuzaji."
pricing,What is the price of Baby clothes?,"The price of Baby clothes depends on brand, size, quantity, and seller. Please specify your preferred option so we can give you an exact quote."
pricing,Bei ya Nguo za watoto ni kiasi gani?,"Bei ya Nguo za watoto inategemea aina, ukubwa, kiasi, na muuzaji. Tafadhali eleza mahitaji yako ili tukupatie bei sahihi."
pricing,Do you offer discounts on Baby clothes for bulk orders?,Bulk pricing on Baby clothes may be available depending on the seller. Please share the quantity you need so we can arrange a bulk quote.
products,Is Baby soap available in stock?,"Yes, Baby soap is available under the Baby Products category. Availability and exact stock levels may vary by seller."
products,Where can I find Baby soap?,You can find Baby soap listed under the Baby Products category. Our agent can help you compare sellers and options.
products,"Nahitaji Sabuni ya watoto, mnayo?","Ndiyo, Sabuni ya watoto (Baby soap) inapatikana kwenye category ya Baby Products. Upatikanaji unaweza kutofautiana kulingana na muuzaji."
pricing,What is the price of Baby soap?,"The price of Baby soap depends on brand, size, quantity, and seller. Please specify your preferred option so we can give you an exact quote."
pricing,Bei ya Sabuni ya watoto ni kiasi gani?,"Bei ya Sabuni ya watoto inategemea aina, ukubwa, kiasi, na muuzaji. Tafadhali eleza mahitaji yako ili tukupatie bei sahihi."
pricing,Do you offer discounts on Baby soap for bulk orders?,Bulk pricing on Baby soap may be available depending on the seller. Please share the quantity you need so we can arrange a bulk quote.
products,Is Baby lotion available in stock?,"Yes, Baby lotion is available under the Baby Products category. Availability and exact stock levels may vary by seller."
products,Where can I find Baby lotion?,You can find Baby lotion listed under the Baby Products category. Our agent can help you compare sellers and options.
products,"Nahitaji Lotion ya watoto, mnayo?","Ndiyo, Lotion ya watoto (Baby lotion) inapatikana kwenye category ya Baby Products. Upatikanaji unaweza kutofautiana kulingana na muuzaji."
pricing,What is the price of Baby lotion?,"The price of Baby lotion depends on brand, size, quantity, and seller. Please specify your preferred option so we can give you an exact quote."
pricing,Bei ya Lotion ya watoto ni kiasi gani?,"Bei ya Lotion ya watoto inategemea aina, ukubwa, kiasi, na muuzaji. Tafadhali eleza mahitaji yako ili tukupatie bei sahihi."
pricing,Do you offer discounts on Baby lotion for bulk orders?,Bulk pricing on Baby lotion may be available depending on the seller. Please share the quantity you need so we can arrange a bulk quote.
products,Is Baby wipes available in stock?,"Yes, Baby wipes is available under the Baby Products category. Availability and exact stock levels may vary by seller."
products,Where can I find Baby wipes?,You can find Baby wipes listed under the Baby Products category. Our agent can help you compare sellers and options.
products,"Nahitaji Baby wipes, mnayo?","Ndiyo, Baby wipes (Baby wipes) inapatikana kwenye category ya Baby Products. Upatikanaji unaweza kutofautiana kulingana na muuzaji."
pricing,What is the price of Baby wipes?,"The price of Baby wipes depends on brand, size, quantity, and seller. Please specify your preferred option so we can give you an exact quote."
pricing,Bei ya Baby wipes ni kiasi gani?,"Bei ya Baby wipes inategemea aina, ukubwa, kiasi, na muuzaji. Tafadhali eleza mahitaji yako ili tukupatie bei sahihi."
pricing,Do you offer discounts on Baby wipes for bulk orders?,Bulk pricing on Baby wipes may be available depending on the seller. Please share the quantity you need so we can arrange a bulk quote.
products,Is Baby bottles available in stock?,"Yes, Baby bottles is available under the Baby Products category. Availability and exact stock levels may vary by seller."
products,Where can I find Baby bottles?,You can find Baby bottles listed under the Baby Products category. Our agent can help you compare sellers and options.
products,"Nahitaji Chupa za watoto, mnayo?","Ndiyo, Chupa za watoto (Baby bottles) inapatikana kwenye category ya Baby Products. Upatikanaji unaweza kutofautiana kulingana na muuzaji."
pricing,What is the price of Baby bottles?,"The price of Baby bottles depends on brand, size, quantity, and seller. Please specify your preferred option so we can give you an exact quote."
pricing,Bei ya Chupa za watoto ni kiasi gani?,"Bei ya Chupa za watoto inategemea aina, ukubwa, kiasi, na muuzaji. Tafadhali eleza mahitaji yako ili tukupatie bei sahihi."
pricing,Do you offer discounts on Baby bottles for bulk orders?,Bulk pricing on Baby bottles may be available depending on the seller. Please share the quantity you need so we can arrange a bulk quote.
products,Is Baby food available in stock?,"Yes, Baby food is available under the Baby Products category. Availability and exact stock levels may vary by seller."
products,Where can I find Baby food?,You can find Baby food listed under the Baby Products category. Our agent can help you compare sellers and options.
products,"Nahitaji Chakula cha watoto, mnayo?","Ndiyo, Chakula cha watoto (Baby food) inapatikana kwenye category ya Baby Products. Upatikanaji unaweza kutofautiana kulingana na muuzaji."
pricing,What is the price of Baby food?,"The price of Baby food depends on brand, size, quantity, and seller. Please specify your preferred option so we can give you an exact quote."
pricing,Bei ya Chakula cha watoto ni kiasi gani?,"Bei ya Chakula cha watoto inategemea aina, ukubwa, kiasi, na muuzaji. Tafadhali eleza mahitaji yako ili tukupatie bei sahihi."
pricing,Do you offer discounts on Baby food for bulk orders?,Bulk pricing on Baby food may be available depending on the seller. Please share the quantity you need so we can arrange a bulk quote.
products,Is Baby shoes available in stock?,"Yes, Baby shoes is available under the Baby Products category. Availability and exact stock levels may vary by seller."
products,Where can I find Baby shoes?,You can find Baby shoes listed under the Baby Products category. Our agent can help you compare sellers and options.
products,"Nahitaji Viatu vya watoto, mnayo?","Ndiyo, Viatu vya watoto (Baby shoes) inapatikana kwenye category ya Baby Products. Upatikanaji unaweza kutofautiana kulingana na muuzaji."
pricing,What is the price of Baby shoes?,"The price of Baby shoes depends on brand, size, quantity, and seller. Please specify your preferred option so we can give you an exact quote."
pricing,Bei ya Viatu vya watoto ni kiasi gani?,"Bei ya Viatu vya watoto inategemea aina, ukubwa, kiasi, na muuzaji. Tafadhali eleza mahitaji yako ili tukupatie bei sahihi."
pricing,Do you offer discounts on Baby shoes for bulk orders?,Bulk pricing on Baby shoes may be available depending on the seller. Please share the quantity you need so we can arrange a bulk quote.
products,Is Mosquito nets available in stock?,"Yes, Mosquito nets is available under the Baby Products category. Availability and exact stock levels may vary by seller."
products,Where can I find Mosquito nets?,You can find Mosquito nets listed under the Baby Products category. Our agent can help you compare sellers and options.
products,"Nahitaji Vyandarua, mnayo?","Ndiyo, Vyandarua (Mosquito nets) inapatikana kwenye category ya Baby Products. Upatikanaji unaweza kutofautiana kulingana na muuzaji."
pricing,What is the price of Mosquito nets?,"The price of Mosquito nets depends on brand, size, quantity, and seller. Please specify your preferred option so we can give you an exact quote."
pricing,Bei ya Vyandarua ni kiasi gani?,"Bei ya Vyandarua inategemea aina, ukubwa, kiasi, na muuzaji. Tafadhali eleza mahitaji yako ili tukupatie bei sahihi."
pricing,Do you offer discounts on Mosquito nets for bulk orders?,Bulk pricing on Mosquito nets may be available depending on the seller. Please share the quantity you need so we can arrange a bulk quote.
products,Is Books available in stock?,"Yes, Books is available under the Stationery and Education category. Availability and exact stock levels may vary by seller."
products,Where can I find Books?,You can find Books listed under the Stationery and Education category. Our agent can help you compare sellers and options.
products,"Nahitaji Vitabu, mnayo?","Ndiyo, Vitabu (Books) inapatikana kwenye category ya Stationery and Education. Upatikanaji unaweza kutofautiana kulingana na muuzaji."
pricing,What is the price of Books?,"The price of Books depends on brand, size, quantity, and seller. Please specify your preferred option so we can give you an exact quote."
pricing,Bei ya Vitabu ni kiasi gani?,"Bei ya Vitabu inategemea aina, ukubwa, kiasi, na muuzaji. Tafadhali eleza mahitaji yako ili tukupatie bei sahihi."
pricing,Do you offer discounts on Books for bulk orders?,Bulk pricing on Books may be available depending on the seller. Please share the quantity you need so we can arrange a bulk quote.
products,Is Exercise books available in stock?,"Yes, Exercise books is available under the Stationery and Education category. Availability and exact stock levels may vary by seller."
products,Where can I find Exercise books?,You can find Exercise books listed under the Stationery and Education category. Our agent can help you compare sellers and options.
products,"Nahitaji Daftari, mnayo?","Ndiyo, Daftari (Exercise books) inapatikana kwenye category ya Stationery and Education. Upatikanaji unaweza kutofautiana kulingana na muuzaji."
pricing,What is the price of Exercise books?,"The price of Exercise books depends on brand, size, quantity, and seller. Please specify your preferred option so we can give you an exact quote."
pricing,Bei ya Daftari ni kiasi gani?,"Bei ya Daftari inategemea aina, ukubwa, kiasi, na muuzaji. Tafadhali eleza mahitaji yako ili tukupatie bei sahihi."
pricing,Do you offer discounts on Exercise books for bulk orders?,Bulk pricing on Exercise books may be available depending on the seller. Please share the quantity you need so we can arrange a bulk quote.
products,Is Pens available in stock?,"Yes, Pens is available under the Stationery and Education category. Availability and exact stock levels may vary by seller."
products,Where can I find Pens?,You can find Pens listed under the Stationery and Education category. Our agent can help you compare sellers and options.
products,"Nahitaji Kalamu, mnayo?","Ndiyo, Kalamu (Pens) inapatikana kwenye category ya Stationery and Education. Upatikanaji unaweza kutofautiana kulingana na muuzaji."
pricing,What is the price of Pens?,"The price of Pens depends on brand, size, quantity, and seller. Please specify your preferred option so we can give you an exact quote."
pricing,Bei ya Kalamu ni kiasi gani?,"Bei ya Kalamu inategemea aina, ukubwa, kiasi, na muuzaji. Tafadhali eleza mahitaji yako ili tukupatie bei sahihi."
pricing,Do you offer discounts on Pens for bulk orders?,Bulk pricing on Pens may be available depending on the seller. Please share the quantity you need so we can arrange a bulk quote.
products,Is Pencils available in stock?,"Yes, Pencils is available under the Stationery and Education category. Availability and exact stock levels may vary by seller."
products,Where can I find Pencils?,You can find Pencils listed under the Stationery and Education category. Our agent can help you compare sellers and options.
products,"Nahitaji Penseli, mnayo?","Ndiyo, Penseli (Pencils) inapatikana kwenye category ya Stationery and Education. Upatikanaji unaweza kutofautiana kulingana na muuzaji."
pricing,What is the price of Pencils?,"The price of Pencils depends on brand, size, quantity, and seller. Please specify your preferred option so we can give you an exact quote."
pricing,Bei ya Penseli ni kiasi gani?,"Bei ya Penseli inategemea aina, ukubwa, kiasi, na muuzaji. Tafadhali eleza mahitaji yako ili tukupatie bei sahihi."
pricing,Do you offer discounts on Pencils for bulk orders?,Bulk pricing on Pencils may be available depending on the seller. Please share the quantity you need so we can arrange a bulk quote.
products,Is Markers available in stock?,"Yes, Markers is available under the Stationery and Education category. Availability and exact stock levels may vary by seller."
products,Where can I find Markers?,You can find Markers listed under the Stationery and Education category. Our agent can help you compare sellers and options.
products,"Nahitaji Marker, mnayo?","Ndiyo, Marker (Markers) inapatikana kwenye category ya Stationery and Education. Upatikanaji unaweza kutofautiana kulingana na muuzaji."
pricing,What is the price of Markers?,"The price of Markers depends on brand, size, quantity, and seller. Please specify your preferred option so we can give you an exact quote."
pricing,Bei ya Marker ni kiasi gani?,"Bei ya Marker inategemea aina, ukubwa, kiasi, na muuzaji. Tafadhali eleza mahitaji yako ili tukupatie bei sahihi."
pricing,Do you offer discounts on Markers for bulk orders?,Bulk pricing on Markers may be available depending on the seller. Please share the quantity you need so we can arrange a bulk quote.
products,Is Rulers available in stock?,"Yes, Rulers is available under the Stationery and Education category. Availability and exact stock levels may vary by seller."
products,Where can I find Rulers?,You can find Rulers listed under the Stationery and Education category. Our agent can help you compare sellers and options.
products,"Nahitaji Rula, mnayo?","Ndiyo, Rula (Rulers) inapatikana kwenye category ya Stationery and Education. Upatikanaji unaweza kutofautiana kulingana na muuzaji."
pricing,What is the price of Rulers?,"The price of Rulers depends on brand, size, quantity, and seller. Please specify your preferred option so we can give you an exact quote."
pricing,Bei ya Rula ni kiasi gani?,"Bei ya Rula inategemea aina, ukubwa, kiasi, na muuzaji. Tafadhali eleza mahitaji yako ili tukupatie bei sahihi."
pricing,Do you offer discounts on Rulers for bulk orders?,Bulk pricing on Rulers may be available depending on the seller. Please share the quantity you need so we can arrange a bulk quote.
products,Is Calculators available in stock?,"Yes, Calculators is available under the Stationery and Education category. Availability and exact stock levels may vary by seller."
products,Where can I find Calculators?,You can find Calculators listed under the Stationery and Education category. Our agent can help you compare sellers and options.
products,"Nahitaji Calculator, mnayo?","Ndiyo, Calculator (Calculators) inapatikana kwenye category ya Stationery and Education. Upatikanaji unaweza kutofautiana kulingana na muuzaji."
pricing,What is the price of Calculators?,"The price of Calculators depends on brand, size, quantity, and seller. Please specify your preferred option so we can give you an exact quote."
pricing,Bei ya Calculator ni kiasi gani?,"Bei ya Calculator inategemea aina, ukubwa, kiasi, na muuzaji. Tafadhali eleza mahitaji yako ili tukupatie bei sahihi."
pricing,Do you offer discounts on Calculators for bulk orders?,Bulk pricing on Calculators may be available depending on the seller. Please share the quantity you need so we can arrange a bulk quote.
products,Is School bags available in stock?,"Yes, School bags is available under the Stationery and Education category. Availability and exact stock levels may vary by seller."
products,Where can I find School bags?,You can find School bags listed under the Stationery and Education category. Our agent can help you compare sellers and options.
products,"Nahitaji Begi la shule, mnayo?","Ndiyo, Begi la shule (School bags) inapatikana kwenye category ya Stationery and Education. Upatikanaji unaweza kutofautiana kulingana na muuzaji."
pricing,What is the price of School bags?,"The price of School bags depends on brand, size, quantity, and seller. Please specify your preferred option so we can give you an exact quote."
pricing,Bei ya Begi la shule ni kiasi gani?,"Bei ya Begi la shule inategemea aina, ukubwa, kiasi, na muuzaji. Tafadhali eleza mahitaji yako ili tukupatie bei sahihi."
pricing,Do you offer discounts on School bags for bulk orders?,Bulk pricing on School bags may be available depending on the seller. Please share the quantity you need so we can arrange a bulk quote.
products,Is Printing paper available in stock?,"Yes, Printing paper is available under the Stationery and Education category. Availability and exact stock levels may vary by seller."
products,Where can I find Printing paper?,You can find Printing paper listed under the Stationery and Education category. Our agent can help you compare sellers and options.
products,"Nahitaji Karatasi za kuchapishia, mnayo?","Ndiyo, Karatasi za kuchapishia (Printing paper) inapatikana kwenye category ya Stationery and Education. Upatikanaji unaweza kutofautiana kulingana na muuzaji."
pricing,What is the price of Printing paper?,"The price of Printing paper depends on brand, size, quantity, and seller. Please specify your preferred option so we can give you an exact quote."
pricing,Bei ya Karatasi za kuchapishia ni kiasi gani?,"Bei ya Karatasi za kuchapishia inategemea aina, ukubwa, kiasi, na muuzaji. Tafadhali eleza mahitaji yako ili tukupatie bei sahihi."
pricing,Do you offer discounts on Printing paper for bulk orders?,Bulk pricing on Printing paper may be available depending on the seller. Please share the quantity you need so we can arrange a bulk quote.
products,Is USB flash drives available in stock?,"Yes, USB flash drives is available under the Stationery and Education category. Availability and exact stock levels may vary by seller."
products,Where can I find USB flash drives?,You can find USB flash drives listed under the Stationery and Education category. Our agent can help you compare sellers and options.
products,"Nahitaji Flash, mnayo?","Ndiyo, Flash (USB flash drives) inapatikana kwenye category ya Stationery and Education. Upatikanaji unaweza kutofautiana kulingana na muuzaji."
pricing,What is the price of USB flash drives?,"The price of USB flash drives depends on brand, size, quantity, and seller. Please specify your preferred option so we can give you an exact quote."
pricing,Bei ya Flash ni kiasi gani?,"Bei ya Flash inategemea aina, ukubwa, kiasi, na muuzaji. Tafadhali eleza mahitaji yako ili tukupatie bei sahihi."
pricing,Do you offer discounts on USB flash drives for bulk orders?,Bulk pricing on USB flash drives may be available depending on the seller. Please share the quantity you need so we can arrange a bulk quote.
products,Is Scientific calculators available in stock?,"Yes, Scientific calculators is available under the Stationery and Education category. Availability and exact stock levels may vary by seller."
products,Where can I find Scientific calculators?,You can find Scientific calculators listed under the Stationery and Education category. Our agent can help you compare sellers and options.
products,"Nahitaji Scientific calculator, mnayo?","Ndiyo, Scientific calculator (Scientific calculators) inapatikana kwenye category ya Stationery and Education. Upatikanaji unaweza kutofautiana kulingana na muuzaji."
pricing,What is the price of Scientific calculators?,"The price of Scientific calculators depends on brand, size, quantity, and seller. Please specify your preferred option so we can give you an exact quote."
pricing,Bei ya Scientific calculator ni kiasi gani?,"Bei ya Scientific calculator inategemea aina, ukubwa, kiasi, na muuzaji. Tafadhali eleza mahitaji yako ili tukupatie bei sahihi."
pricing,Do you offer discounts on Scientific calculators for bulk orders?,Bulk pricing on Scientific calculators may be available depending on the seller. Please share the quantity you need so we can arrange a bulk quote.
support,What are your working hours?,We are open Monday to Saturday from 8:00 AM to 6:00 PM East Africa Time.
support,Muda wenu wa kazi ni saa ngapi?,Tunafanya kazi Jumatatu hadi Jumamosi kuanzia saa 2:00 asubuhi hadi saa 12:00 jioni (EAT).
support,Are you open on Sundays?,"We are closed on Sundays and public holidays, but you can still send a message and we will respond the next working day."
support,"Je, mnafunguliwa siku ya Jumapili?","Hatufanyi kazi siku ya Jumapili na sikukuu, lakini unaweza kutuma ujumbe na tutakujibu siku inayofuata ya kazi."
support,What are your delivery fees?,"Delivery within town is 3,000 TZS, and upcountry deliveries cost 10,000 TZS."
support,Gharama za usafirishaji ni kiasi gani?,"Usafirishaji ndani ya mji ni TZS 3,000, na kwa maeneo ya mikoani ni TZS 10,000."
support,How long does delivery take?,"Deliveries within town usually take 1-2 business days, while upcountry deliveries take 3-5 business days."
support,Usafirishaji unachukua muda gani?,"Usafirishaji ndani ya mji huchukua siku 1-2 za kazi, na kwa mikoani huchukua siku 3-5 za kazi."
support,Which areas do you deliver to?,We deliver within Mbeya town and to most regions across Tanzania through our upcountry delivery partners.
support,Mnasafirisha bidhaa maeneo gani?,Tunasafirisha bidhaa ndani ya mji wa Mbeya na pia kwa mikoa mingi Tanzania kupitia washirika wetu wa usafirishaji.
support,What payment methods do you accept?,"We accept mobile money (M-Pesa, Tigo Pesa, Airtel Money), bank transfer, and cash on delivery."
support,Njia zipi za malipo mnazokubali?,"Tunakubali malipo kwa njia ya simu (M-Pesa, Tigo Pesa, Airtel Money), uhamisho wa benki, na malipo pale unapopokea bidhaa."
support,Can I pay with cash on delivery?,"Yes, cash on delivery is available in most areas we serve. Some upcountry orders may require partial prepayment."
support,Naweza kulipa nikishapokea bidhaa?,"Ndiyo, malipo baada ya kupokea bidhaa yanapatikana katika maeneo mengi tunayohudumia. Baadhi ya oda za mikoani zinaweza kuhitaji malipo ya awali."
support,How do I place an order?,"You can place an order by messaging us with the product name, quantity, and your delivery location, and our agent will confirm the details."
support,Ninawezaje kuweka oda?,"Unaweza kuweka oda kwa kutuma ujumbe wenye jina la bidhaa, kiasi, na eneo lako la kupokelea, na wakala wetu atathibitisha maelezo."
support,Can I cancel my order?,"Yes, orders can be cancelled before they are dispatched. Please contact us as soon as possible with your order details."
support,Naweza kufuta oda yangu?,"Ndiyo, oda zinaweza kufutwa kabla ya kutumwa. Tafadhali wasiliana nasi haraka iwezekanavyo ukiwa na maelezo ya oda yako."
support,How can I track my order?,"You can track your order by messaging us your order number, and we will update you on its current status."
support,Naweza kufuatilia oda yangu vipi?,"Unaweza kufuatilia oda yako kwa kutuma namba ya oda, na tutakupa taarifa za hali ya sasa ya oda yako."
support,Is there a minimum order amount?,"There is no fixed minimum order amount, though very small orders may have a higher relative delivery fee."
support,Kuna kiwango cha chini cha oda?,"Hakuna kiwango maalum cha chini cha oda, ingawa oda ndogo sana zinaweza kuwa na gharama kubwa zaidi ya usafirishaji kwa uwiano."
support,What is your return policy?,"Items can be returned within 3 days of delivery if they are damaged, wrong, or defective, provided they are unused and in original packaging."
support,Sera yenu ya kurudisha bidhaa ni ipi?,"Bidhaa zinaweza kurudishwa ndani ya siku 3 baada ya kupokelewa iwapo zimeharibika, si sahihi, au zina kasoro, mradi hazijatumika na ziko katika ufungashaji wa awali."
support,How do I get a refund?,"Once a return is approved, refunds are processed back to your original payment method or mobile money account within 5-7 business days."
support,Ninawezaje kupata pesa zangu zirudishwe?,"Baada ya kuridhiwa kwa kurudisha bidhaa, pesa hurejeshwa kwenye njia yako ya awali ya malipo au akaunti ya simu ndani ya siku 5-7 za kazi."
support,What if I receive a damaged item?,"Please contact us immediately with photos of the damaged item and your order number, and we will arrange a replacement or refund."
support,Nifanye nini nikipokea bidhaa iliyoharibika?,"Tafadhali wasiliana nasi mara moja ukiwa na picha za bidhaa iliyoharibika na namba ya oda yako, nasi tutapanga ubadilishaji au kurejesha pesa."
support,Do products come with a warranty?,"Warranty coverage depends on the product and manufacturer; electronics and appliances typically include a manufacturer warranty, which we can confirm at the time of purchase."
support,Bidhaa zina dhamana?,"Dhamana inategemea aina ya bidhaa na mtengenezaji; vifaa vya elektroniki kwa kawaida huja na dhamana ya mtengenezaji, tunaweza kuthibitisha wakati wa ununuzi."
support,How can I contact customer support?,"You can reach our support team through this chat, by phone, or by email, and we typically respond within a few hours during working hours."
support,Ninawezaje kuwasiliana na huduma kwa wateja?,"Unaweza kuwasiliana na timu yetu ya huduma kupitia mazungumzo haya, simu, au barua pepe, na kwa kawaida tunajibu ndani ya masaa machache wakati wa saa za kazi."
support,How do I file a complaint?,"You can share your complaint directly in this chat with your order details, and it will be escalated to a human agent if needed."
support,Ninawezaje kutoa malalamiko?,"Unaweza kutoa malalamiko yako moja kwa moja hapa kwenye mazungumzo ukiwa na maelezo ya oda yako, na yatapelekwa kwa wakala wa kibinadamu ikihitajika."
support,Can I speak to a human agent?,"Yes, at any point you can request to speak with a human agent and one will take over the conversation."
support,Naweza kuongea na mtu badala ya roboti?,"Ndiyo, wakati wowote unaweza kuomba kuongea na wakala wa kibinadamu na atachukua mazungumzo."
support,Do I need an account to order?,You do not need to create an account to order; you can place an order directly through chat with your name and delivery details.
support,Nahitaji akaunti ili kuweka oda?,Huhitaji kufungua akaunti ili kuweka oda; unaweza kuweka oda moja kwa moja kupitia mazungumzo kwa kutumia jina lako na maelezo ya usafirishaji.
support,How do I register an account?,"To register, share your full name, phone number, and preferred delivery location, and we will set up your customer profile."
support,Ninawezaje kujisajili akaunti?,"Ili kujisajili, tuma jina lako kamili, namba ya simu, na eneo unalopendelea la kupokelea bidhaa, nasi tutaunda wasifu wako wa mteja."
support,What languages do you support?,"Our assistant can respond in both English and Swahili, so feel free to write in whichever language is most comfortable for you."
support,Mnajibu kwa lugha zipi?,"Msaidizi wetu anaweza kujibu kwa Kiingereza na Kiswahili, hivyo jisikie huru kuandika kwa lugha unayoipenda zaidi."
support,Do you offer discounts or promotions?,We occasionally run promotions and seasonal discounts; ask us about current offers and we will let you know what is available.
support,Kuna punguzo la bei au ofa?,Mara kwa mara tuna ofa na punguzo la msimu; tuulize kuhusu ofa za sasa nasi tutakujulisha zilizopo.
support,Do you have a loyalty or referral program?,"We are building a loyalty program for repeat customers; for now, referring friends can qualify you for occasional referral bonuses."
support,Kuna mpango wa uaminifu au kupendekeza marafiki?,"Tunaandaa mpango wa uaminifu kwa wateja wa mara kwa mara; kwa sasa, kupendekeza marafiki kunaweza kukustahilisha bonasi za mara kwa mara."
support,What happens if a product is out of stock?,"If a product is out of stock, we will suggest a similar alternative or notify you as soon as it becomes available again."
support,Nini kikitokea bidhaa haipo stock?,"Endapo bidhaa haipo stoo, tutapendekeza mbadala unaofanana au tutakujulisha mara itakapopatikana tena."
support,Can I request a product you don't currently list?,"Yes, you can request a specific product and we will check with our sellers to see if it can be sourced for you."
support,Naweza kuomba bidhaa ambayo hamna kwenye orodha?,"Ndiyo, unaweza kuomba bidhaa maalum nasi tutaangalia na wauzaji wetu kama inaweza kupatikana kwa ajili yako."
support,Can I get a receipt or invoice for my purchase?,"Yes, a receipt or invoice can be sent to you by email or as a message once your order is confirmed and paid for."
support,Naweza kupata risiti ya ununuzi wangu?,"Ndiyo, risiti inaweza kutumwa kwako kwa barua pepe au ujumbe mara oda yako itakapothibitishwa na kulipiwa."
support,How do I become a seller on your platform?,"To become a seller, contact our support team with your business details and the product categories you would like to list."
support,Ninawezaje kuwa muuzaji kwenye jukwaa lenu?,"Ili kuwa muuzaji, wasiliana na timu yetu ya huduma ukiwa na maelezo ya biashara yako na aina za bidhaa unazotaka kuuza."
support,What should I do if my payment fails?,"If a payment fails, please try again or use an alternative payment method, and contact us if the amount was deducted but the order was not confirmed."
support,Nifanye nini malipo yakishindikana?,"Endapo malipo yameshindikana, jaribu tena au tumia njia nyingine ya malipo, na wasiliana nasi ikiwa fedha zimetolewa lakini oda haijathibitishwa."
support,Can I change my delivery address after ordering?,"Yes, you can request an address change before your order is dispatched by messaging us with the new delivery details."
support,Naweza kubadilisha anwani ya kupokelea baada ya kuweka oda?,"Ndiyo, unaweza kuomba kubadilisha anwani kabla oda haijatumwa kwa kutuma maelezo mapya ya usafirishaji."
support,Do you deliver on weekends?,We deliver on Saturdays; Sunday deliveries are generally not available except for pre-arranged urgent orders.
support,Mnasafirisha bidhaa wikendi?,Tunasafirisha bidhaa siku ya Jumamosi; usafirishaji wa Jumapili kwa kawaida haupatikani isipokuwa kwa oda za dharura zilizopangwa mapema.
support,How is my personal information used?,"Your personal information is only used to process your order and deliver it to you, and is not shared with third parties without your consent."
support,Taarifa zangu binafsi zinatumikaje?,"Taarifa zako binafsi zinatumika tu kuchakata oda yako na kuisafirisha kwako, na hazitolewi kwa wahusika wengine bila idhini yako."
support,Can businesses place bulk or wholesale orders?,"Yes, businesses can place bulk or wholesale orders; please share the products and quantities needed so we can arrange special pricing."
support,Biashara zinaweza kuweka oda za jumla?,"Ndiyo, biashara zinaweza kuweka oda za jumla; tafadhali tuma bidhaa na kiasi kinachohitajika ili tupange bei maalum."
support,What should I do if the AI assistant can't answer my question?,"If the assistant cannot answer your question, it will forward your message to a human support agent who will assist you further."
support,Nifanye nini msaidizi wa AI asiweze kujibu swali langu?,"Iwapo msaidizi hawezi kujibu swali lako, atapeleka ujumbe wako kwa wakala wa kibinadamu ambaye atakusaidia zaidi."
